gene,aa,broadCancerCode,nSamples,hotspot
BRAF,D594G,ACC,1,BRAF D594G
BRAF,D594G,AMPCA,1,BRAF D594G
BRAF,D594G,BLCA,6,BRAF D594G
BRAF,D594G,BLL,1,BRAF D594G
BRAF,D594G,BONE,1,BRAF D594G
BRAF,D594G,BRAIN,1,BRAF D594G
BRAF,D594G,BRCA,2,BRAF D594G
BRAF,D594G,CESC,1,BRAF D594G
BRAF,D594G,CHOL,6,BRAF D594G
BRAF,D594G,CLL,6,BRAF D594G
BRAF,D594G,COADREAD,56,BRAF D594G
BRAF,D594G,CUP,3,BRAF D594G
BRAF,D594G,DLBCL,6,BRAF D594G
BRAF,D594G,GBC,3,BRAF D594G
BRAF,D594G,GBM,1,BRAF D594G
BRAF,D594G,HEAD_NECK,1,BRAF D594G
BRAF,D594G,LIVER,1,BRAF D594G
BRAF,D594G,LUAD,15,BRAF D594G
BRAF,D594G,MBN,2,BRAF D594G
BRAF,D594G,MDS,2,BRAF D594G
BRAF,D594G,MDS_MPN,1,BRAF D594G
BRAF,D594G,MM,1,BRAF D594G
BRAF,D594G,MPN,2,BRAF D594G
BRAF,D594G,NSCLC,3,BRAF D594G
BRAF,D594G,OV,2,BRAF D594G
BRAF,D594G,PAAD,1,BRAF D594G
BRAF,D594G,PRAD,3,BRAF D594G
BRAF,D594G,SARC,1,BRAF D594G
BRAF,D594G,SBWL,2,BRAF D594G
BRAF,D594G,SKCM,6,BRAF D594G
BRAF,D594G,STAD,3,BRAF D594G
BRAF,D594G,STOMACH,1,BRAF D594G
BRAF,D594G,TGCT,1,BRAF D594G
BRAF,D594G,UCEC,8,BRAF D594G
BRAF,D594G,USARC,1,BRAF D594G
BRAF,G469A,AML,1,BRAF G469A
BRAF,G469A,BLCA,19,BRAF G469A
BRAF,G469A,BONE,1,BRAF G469A
BRAF,G469A,BOWEL,1,BRAF G469A
BRAF,G469A,BRCA,5,BRAF G469A
BRAF,G469A,CESC,2,BRAF G469A
BRAF,G469A,CHOL,7,BRAF G469A
BRAF,G469A,CLL,14,BRAF G469A
BRAF,G469A,COADREAD,11,BRAF G469A
BRAF,G469A,CUP,3,BRAF G469A
BRAF,G469A,DLBCL,2,BRAF G469A
BRAF,G469A,ESCA,1,BRAF G469A
BRAF,G469A,GBC,2,BRAF G469A
BRAF,G469A,GBM,1,BRAF G469A
BRAF,G469A,GCT,1,BRAF G469A
BRAF,G469A,GINET,1,BRAF G469A
BRAF,G469A,HCC,1,BRAF G469A
BRAF,G469A,HEAD_NECK,1,BRAF G469A
BRAF,G469A,LUAD,31,BRAF G469A
BRAF,G469A,LUSC,3,BRAF G469A
BRAF,G469A,MBN,1,BRAF G469A
BRAF,G469A,MDS,7,BRAF G469A
BRAF,G469A,MM,2,BRAF G469A
BRAF,G469A,NSCLC,6,BRAF G469A
BRAF,G469A,ODG,1,BRAF G469A
BRAF,G469A,PAAD,1,BRAF G469A
BRAF,G469A,PCPG,1,BRAF G469A
BRAF,G469A,PRAD,18,BRAF G469A
BRAF,G469A,SARC,3,BRAF G469A
BRAF,G469A,SBWL,1,BRAF G469A
BRAF,G469A,SCLC,2,BRAF G469A
BRAF,G469A,SKCM,9,BRAF G469A
BRAF,G469A,STAD,1,BRAF G469A
BRAF,G469A,STOMACH,1,BRAF G469A
BRAF,G469A,THCA,3,BRAF G469A
BRAF,G469A,TNKN,1,BRAF G469A
BRAF,V600E,AML,10,BRAF V600E
BRAF,V600E,AMPCA,2,BRAF V600E
BRAF,V600E,APPX,3,BRAF V600E
BRAF,V600E,BLCA,7,BRAF V600E
BRAF,V600E,BONE,2,BRAF V600E
BRAF,V600E,BOWEL,2,BRAF V600E
BRAF,V600E,BRAIN,44,BRAF V600E
BRAF,V600E,BRCA,10,BRAF V600E
BRAF,V600E,CHOL,30,BRAF V600E
BRAF,V600E,CLL,3,BRAF V600E
BRAF,V600E,COADREAD,820,BRAF V600E
BRAF,V600E,CUP,36,BRAF V600E
BRAF,V600E,DLBCL,2,BRAF V600E
BRAF,V600E,ESCC,1,BRAF V600E
BRAF,V600E,GBC,1,BRAF V600E
BRAF,V600E,GBM,50,BRAF V600E
BRAF,V600E,GINET,7,BRAF V600E
BRAF,V600E,GIST,3,BRAF V600E
BRAF,V600E,HCC,3,BRAF V600E
BRAF,V600E,HEAD_NECK,3,BRAF V600E
BRAF,V600E,HIST,85,BRAF V600E
BRAF,V600E,HNSC,2,BRAF V600E
BRAF,V600E,LUAD,133,BRAF V600E
BRAF,V600E,MBN,10,BRAF V600E
BRAF,V600E,MDS,3,BRAF V600E
BRAF,V600E,MM,7,BRAF V600E
BRAF,V600E,NMSC,3,BRAF V600E
BRAF,V600E,NSCLC,2,BRAF V600E
BRAF,V600E,OV,31,BRAF V600E
BRAF,V600E,PAAD,19,BRAF V600E
BRAF,V600E,PNS,11,BRAF V600E
BRAF,V600E,PRAD,1,BRAF V600E
BRAF,V600E,PRCC,2,BRAF V600E
BRAF,V600E,SARC,35,BRAF V600E
BRAF,V600E,SBWL,3,BRAF V600E
BRAF,V600E,SG,2,BRAF V600E
BRAF,V600E,SKCM,896,BRAF V600E
BRAF,V600E,SOFT_TISSUE,1,BRAF V600E
BRAF,V600E,STAD,2,BRAF V600E
BRAF,V600E,TGCT,1,BRAF V600E
BRAF,V600E,THCA,708,BRAF V600E
BRAF,V600E,UCEC,2,BRAF V600E
BRAF,V600E,UM,1,BRAF V600E
BRAF,V600E,USARC,1,BRAF V600E
BRAF,V600E,VULVA,1,BRAF V600E
BRAF,V600K,HEAD_NECK,1,BRAF V600K
BRAF,V600K,LUAD,1,BRAF V600K
BRAF,V600K,SARC,1,BRAF V600K
BRAF,V600K,SKCM,167,BRAF V600K
BRAF,V600K,STOMACH,1,BRAF V600K
EGFR,A289V,ASTR,6,EGFR A289V
EGFR,A289V,BONE,1,EGFR A289V
EGFR,A289V,BRAIN,8,EGFR A289V
EGFR,A289V,BRCA,2,EGFR A289V
EGFR,A289V,CHOL,1,EGFR A289V
EGFR,A289V,CUP,1,EGFR A289V
EGFR,A289V,GBM,90,EGFR A289V
EGFR,A289V,LUAD,9,EGFR A289V
EGFR,A289V,ODG,2,EGFR A289V
EGFR,A289V,SARC,2,EGFR A289V
EGFR,A289V,STOMACH,1,EGFR A289V
EGFR,E746_A750del,BLCA,1,EGFR E746_A750del
EGFR,E746_A750del,CHOL,1,EGFR E746_A750del
EGFR,E746_A750del,CUP,3,EGFR E746_A750del
EGFR,E746_A750del,LUAD,882,EGFR E746_A750del
EGFR,E746_A750del,LUSC,10,EGFR E746_A750del
EGFR,E746_A750del,NSCLC,36,EGFR E746_A750del
EGFR,E746_A750del,SCLC,16,EGFR E746_A750del
EGFR,L858R,COADREAD,2,EGFR L858R
EGFR,L858R,CUP,6,EGFR L858R
EGFR,L858R,HNSC,1,EGFR L858R
EGFR,L858R,LUAD,1205,EGFR L858R
EGFR,L858R,LUSC,16,EGFR L858R
EGFR,L858R,NSCLC,46,EGFR L858R
EGFR,L858R,SARC,1,EGFR L858R
EGFR,L858R,SCLC,12,EGFR L858R
EGFR,T790M,COADREAD,3,EGFR T790M
EGFR,T790M,GBM,2,EGFR T790M
EGFR,T790M,LUAD,203,EGFR T790M
EGFR,T790M,LUSC,1,EGFR T790M
EGFR,T790M,NSCLC,9,EGFR T790M
EGFR,T790M,SCLC,1,EGFR T790M
EGFR,T790M,UCEC,1,EGFR T790M
IDH1,R132C,ACYC,4,IDH1 R132C
IDH1,R132C,AML,160,IDH1 R132C
IDH1,R132C,APPX,2,IDH1 R132C
IDH1,R132C,ASTR,25,IDH1 R132C
IDH1,R132C,BLCA,1,IDH1 R132C
IDH1,R132C,BONE,47,IDH1 R132C
IDH1,R132C,BOWEL,1,IDH1 R132C
IDH1,R132C,BRAIN,30,IDH1 R132C
IDH1,R132C,BRCA,4,IDH1 R132C
IDH1,R132C,CHOL,166,IDH1 R132C
IDH1,R132C,COADREAD,39,IDH1 R132C
IDH1,R132C,CUP,7,IDH1 R132C
IDH1,R132C,DLBCL,1,IDH1 R132C
IDH1,R132C,GBC,2,IDH1 R132C
IDH1,R132C,GBM,5,IDH1 R132C
IDH1,R132C,GCT,1,IDH1 R132C
IDH1,R132C,HCC,8,IDH1 R132C
IDH1,R132C,HEAD_NECK,1,IDH1 R132C
IDH1,R132C,LIVER,3,IDH1 R132C
IDH1,R132C,LUAD,13,IDH1 R132C
IDH1,R132C,MDS,47,IDH1 R132C
IDH1,R132C,MDS_MPN,2,IDH1 R132C
IDH1,R132C,MM,2,IDH1 R132C
IDH1,R132C,MPN,4,IDH1 R132C
IDH1,R132C,MYELOID,6,IDH1 R132C
IDH1,R132C,NMSC,1,IDH1 R132C
IDH1,R132C,NSCLC,1,IDH1 R132C
IDH1,R132C,ODG,3,IDH1 R132C
IDH1,R132C,OV,1,IDH1 R132C
IDH1,R132C,PAAD,3,IDH1 R132C
IDH1,R132C,PCPG,1,IDH1 R132C
IDH1,R132C,PRAD,12,IDH1 R132C
IDH1,R132C,SARC,11,IDH1 R132C
IDH1,R132C,SBWL,5,IDH1 R132C
IDH1,R132C,SKCM,80,IDH1 R132C
IDH1,R132C,THYM,1,IDH1 R132C
IDH1,R132C,TNKN,2,IDH1 R132C
IDH1,R132C,UCEC,10,IDH1 R132C
IDH1,R132C,USARC,1,IDH1 R132C
IDH1,R132G,AML,16,IDH1 R132G
IDH1,R132G,ASTR,12,IDH1 R132G
IDH1,R132G,BONE,18,IDH1 R132G
IDH1,R132G,BRAIN,18,IDH1 R132G
IDH1,R132G,CHOL,22,IDH1 R132G
IDH1,R132G,COADREAD,1,IDH1 R132G
IDH1,R132G,GBM,4,IDH1 R132G
IDH1,R132G,HCC,3,IDH1 R132G
IDH1,R132G,MDS,8,IDH1 R132G
IDH1,R132G,ODG,1,IDH1 R132G
IDH1,R132G,PRAD,4,IDH1 R132G
IDH1,R132G,SARC,7,IDH1 R132G
IDH1,R132H,ACYC,6,IDH1 R132H
IDH1,R132H,AML,125,IDH1 R132H
IDH1,R132H,AMPCA,1,IDH1 R132H
IDH1,R132H,ASTR,280,IDH1 R132H
IDH1,R132H,BLCA,2,IDH1 R132H
IDH1,R132H,BONE,8,IDH1 R132H
IDH1,R132H,BRAIN,334,IDH1 R132H
IDH1,R132H,BRCA,3,IDH1 R132H
IDH1,R132H,CHOL,1,IDH1 R132H
IDH1,R132H,COADREAD,3,IDH1 R132H
IDH1,R132H,CUP,2,IDH1 R132H
IDH1,R132H,DLBCL,1,IDH1 R132H
IDH1,R132H,GBM,75,IDH1 R132H
IDH1,R132H,HEAD_NECK,1,IDH1 R132H
IDH1,R132H,KIDNEY,1,IDH1 R132H
IDH1,R132H,LIVER,1,IDH1 R132H
IDH1,R132H,LUAD,3,IDH1 R132H
IDH1,R132H,MDS,47,IDH1 R132H
IDH1,R132H,MDS_MPN,2,IDH1 R132H
IDH1,R132H,MPN,2,IDH1 R132H
IDH1,R132H,NSCLC,1,IDH1 R132H
IDH1,R132H,ODG,391,IDH1 R132H
IDH1,R132H,PAAD,1,IDH1 R132H
IDH1,R132H,PRAD,19,IDH1 R132H
IDH1,R132H,SARC,2,IDH1 R132H
IDH1,R132H,UCEC,2,IDH1 R132H
IDH1,R132L,ACYC,1,IDH1 R132L
IDH1,R132L,AML,9,IDH1 R132L
IDH1,R132L,ASTR,2,IDH1 R132L
IDH1,R132L,BONE,8,IDH1 R132L
IDH1,R132L,BRAIN,2,IDH1 R132L
IDH1,R132L,CHOL,40,IDH1 R132L
IDH1,R132L,COADREAD,1,IDH1 R132L
IDH1,R132L,CUP,3,IDH1 R132L
IDH1,R132L,GBC,1,IDH1 R132L
IDH1,R132L,HCC,1,IDH1 R132L
IDH1,R132L,LIVER,5,IDH1 R132L
IDH1,R132L,LUAD,17,IDH1 R132L
IDH1,R132L,MDS,6,IDH1 R132L
IDH1,R132L,PAAD,1,IDH1 R132L
IDH1,R132L,PRAD,1,IDH1 R132L
IDH1,R132L,SARC,1,IDH1 R132L
IDH1,R132L,SKCM,2,IDH1 R132L
IDH1,R132L,THCA,1,IDH1 R132L
KRAS,G12C,ACYC,1,KRAS G12C
KRAS,G12C,AML,6,KRAS G12C
KRAS,G12C,AMPCA,5,KRAS G12C
KRAS,G12C,ANAL,2,KRAS G12C
KRAS,G12C,APPX,12,KRAS G12C
KRAS,G12C,BLCA,19,KRAS G12C
KRAS,G12C,BLL,1,KRAS G12C
KRAS,G12C,BRCA,7,KRAS G12C
KRAS,G12C,CCRCC,1,KRAS G12C
KRAS,G12C,CESC,4,KRAS G12C
KRAS,G12C,CHOL,41,KRAS G12C
KRAS,G12C,COADREAD,299,KRAS G12C
KRAS,G12C,CUP,43,KRAS G12C
KRAS,G12C,ESCA,2,KRAS G12C
KRAS,G12C,GBC,4,KRAS G12C
KRAS,G12C,GCT,1,KRAS G12C
KRAS,G12C,GEJ,1,KRAS G12C
KRAS,G12C,GINET,1,KRAS G12C
KRAS,G12C,HCC,4,KRAS G12C
KRAS,G12C,HIST,1,KRAS G12C
KRAS,G12C,HNSC,1,KRAS G12C
KRAS,G12C,LIVER,1,KRAS G12C
KRAS,G12C,LUAD,1167,KRAS G12C
KRAS,G12C,LUSC,31,KRAS G12C
KRAS,G12C,LYMPH,1,KRAS G12C
KRAS,G12C,MBN,1,KRAS G12C
KRAS,G12C,MDS,2,KRAS G12C
KRAS,G12C,MESO,2,KRAS G12C
KRAS,G12C,NSCLC,106,KRAS G12C
KRAS,G12C,OV,20,KRAS G12C
KRAS,G12C,PAAD,66,KRAS G12C
KRAS,G12C,PNS,1,KRAS G12C
KRAS,G12C,PRAD,1,KRAS G12C
KRAS,G12C,SARC,13,KRAS G12C
KRAS,G12C,SBWL,6,KRAS G12C
KRAS,G12C,SCLC,5,KRAS G12C
KRAS,G12C,SKCM,2,KRAS G12C
KRAS,G12C,STAD,10,KRAS G12C
KRAS,G12C,STOMACH,3,KRAS G12C
KRAS,G12C,TGCT,3,KRAS G12C
KRAS,G12C,THCA,3,KRAS G12C
KRAS,G12C,THYM,1,KRAS G12C
KRAS,G12C,UCEC,69,KRAS G12C
KRAS,G12C,UCS,4,KRAS G12C
KRAS,G12C,VULVA,1,KRAS G12C
KRAS,G12D,ACYC,3,KRAS G12D
KRAS,G12D,AML,50,KRAS G12D
KRAS,G12D,AMPCA,65,KRAS G12D
KRAS,G12D,ANAL,2,KRAS G12D
KRAS,G12D,APPX,86,KRAS G12D
KRAS,G12D,ASTR,3,KRAS G12D
KRAS,G12D,BILIARY_TRACT,1,KRAS G12D
KRAS,G12D,BLCA,57,KRAS G12D
KRAS,G12D,BLL,4,KRAS G12D
KRAS,G12D,BONE,4,KRAS G12D
KRAS,G12D,BOWEL,3,KRAS G12D
KRAS,G12D,BRAIN,1,KRAS G12D
KRAS,G12D,BRCA,20,KRAS G12D
KRAS,G12D,BREAST,1,KRAS G12D
KRAS,G12D,CESC,14,KRAS G12D
KRAS,G12D,CHOL,214,KRAS G12D
KRAS,G12D,CLL,8,KRAS G12D
KRAS,G12D,COADREAD,1353,KRAS G12D
KRAS,G12D,CUP,97,KRAS G12D
KRAS,G12D,DLBCL,1,KRAS G12D
KRAS,G12D,ESCA,9,KRAS G12D
KRAS,G12D,GBC,12,KRAS G12D
KRAS,G12D,GBM,5,KRAS G12D
KRAS,G12D,GCT,3,KRAS G12D
KRAS,G12D,GEJ,8,KRAS G12D
KRAS,G12D,GINET,8,KRAS G12D
KRAS,G12D,GIST,1,KRAS G12D
KRAS,G12D,HCC,5,KRAS G12D
KRAS,G12D,HIST,7,KRAS G12D
KRAS,G12D,HNSC,7,KRAS G12D
KRAS,G12D,KIDNEY,2,KRAS G12D
KRAS,G12D,LEUK,1,KRAS G12D
KRAS,G12D,LIVER,2,KRAS G12D
KRAS,G12D,LUAD,399,KRAS G12D
KRAS,G12D,LUSC,4,KRAS G12D
KRAS,G12D,LYMPH,1,KRAS G12D
KRAS,G12D,MBN,2,KRAS G12D
KRAS,G12D,MDS,16,KRAS G12D
KRAS,G12D,MDS_MPN,2,KRAS G12D
KRAS,G12D,MM,3,KRAS G12D
KRAS,G12D,MPN,1,KRAS G12D
KRAS,G12D,MYELOID,1,KRAS G12D
KRAS,G12D,NMSC,3,KRAS G12D
KRAS,G12D,NSCLC,27,KRAS G12D
KRAS,G12D,ODG,2,KRAS G12D
KRAS,G12D,OV,87,KRAS G12D
KRAS,G12D,PAAD,1862,KRAS G12D
KRAS,G12D,PERITONEUM,1,KRAS G12D
KRAS,G12D,PNS,1,KRAS G12D
KRAS,G12D,PRAD,6,KRAS G12D
KRAS,G12D,PRCC,6,KRAS G12D
KRAS,G12D,SARC,26,KRAS G12D
KRAS,G12D,SBWL,31,KRAS G12D
KRAS,G12D,SCLC,3,KRAS G12D
KRAS,G12D,SKCM,11,KRAS G12D
KRAS,G12D,STAD,43,KRAS G12D
KRAS,G12D,STOMACH,8,KRAS G12D
KRAS,G12D,TGCT,7,KRAS G12D
KRAS,G12D,THCA,1,KRAS G12D
KRAS,G12D,THYM,1,KRAS G12D
KRAS,G12D,TLL,1,KRAS G12D
KRAS,G12D,UCEC,290,KRAS G12D
KRAS,G12D,UCS,19,KRAS G12D
KRAS,G12D,USARC,2,KRAS G12D
KRAS,G12D,VULVA,2,KRAS G12D
KRAS,G12V,ACYC,3,KRAS G12V
KRAS,G12V,AML,25,KRAS G12V
KRAS,G12V,AMPCA,42,KRAS G12V
KRAS,G12V,APPX,43,KRAS G12V
KRAS,G12V,BLCA,37,KRAS G12V
KRAS,G12V,BLL,3,KRAS G12V
KRAS,G12V,BONE,5,KRAS G12V
KRAS,G12V,BOWEL,2,KRAS G12V
KRAS,G12V,BRCA,33,KRAS G12V
KRAS,G12V,CESC,14,KRAS G12V
KRAS,G12V,CHOL,119,KRAS G12V
KRAS,G12V,CLL,3,KRAS G12V
KRAS,G12V,COADREAD,882,KRAS G12V
KRAS,G12V,CUP,81,KRAS G12V
KRAS,G12V,ESCA,5,KRAS G12V
KRAS,G12V,ESCC,1,KRAS G12V
KRAS,G12V,GBC,4,KRAS G12V
KRAS,G12V,GCT,3,KRAS G12V
KRAS,G12V,GEJ,1,KRAS G12V
KRAS,G12V,GINET,3,KRAS G12V
KRAS,G12V,HIST,3,KRAS G12V
KRAS,G12V,HNSC,3,KRAS G12V
KRAS,G12V,KIDNEY,3,KRAS G12V
KRAS,G12V,LUAD,518,KRAS G12V
KRAS,G12V,LUSC,14,KRAS G12V
KRAS,G12V,LYMPH,2,KRAS G12V
KRAS,G12V,MDS,5,KRAS G12V
KRAS,G12V,MDS_MPN,1,KRAS G12V
KRAS,G12V,MM,2,KRAS G12V
KRAS,G12V,NMSC,1,KRAS G12V
KRAS,G12V,NSCLC,45,KRAS G12V
KRAS,G12V,OV,110,KRAS G12V
KRAS,G12V,OVARY,1,KRAS G12V
KRAS,G12V,PAAD,1472,KRAS G12V
KRAS,G12V,PRAD,6,KRAS G12V
KRAS,G12V,PRCC,3,KRAS G12V
KRAS,G12V,SARC,17,KRAS G12V
KRAS,G12V,SBWL,27,KRAS G12V
KRAS,G12V,SKCM,2,KRAS G12V
KRAS,G12V,STAD,13,KRAS G12V
KRAS,G12V,STOMACH,5,KRAS G12V
KRAS,G12V,TGCT,22,KRAS G12V
KRAS,G12V,THCA,6,KRAS G12V
KRAS,G12V,TLL,1,KRAS G12V
KRAS,G12V,TNKN,1,KRAS G12V
KRAS,G12V,UCEC,275,KRAS G12V
KRAS,G12V,UCS,25,KRAS G12V
KRAS,G12V,USARC,2,KRAS G12V
KRAS,G12V,VULVA,1,KRAS G12V
KRAS,G13D,AML,48,KRAS G13D
KRAS,G13D,AMPCA,13,KRAS G13D
KRAS,G13D,ANAL,1,KRAS G13D
KRAS,G13D,APPX,22,KRAS G13D
KRAS,G13D,BLCA,12,KRAS G13D
KRAS,G13D,BLL,5,KRAS G13D
KRAS,G13D,BONE,1,KRAS G13D
KRAS,G13D,BOWEL,1,KRAS G13D
KRAS,G13D,BRAIN,1,KRAS G13D
KRAS,G13D,BRCA,4,KRAS G13D
KRAS,G13D,CESC,9,KRAS G13D
KRAS,G13D,CHOL,30,KRAS G13D
KRAS,G13D,CLL,14,KRAS G13D
KRAS,G13D,COADREAD,829,KRAS G13D
KRAS,G13D,CUP,17,KRAS G13D
KRAS,G13D,DLBCL,10,KRAS G13D
KRAS,G13D,ESCA,6,KRAS G13D
KRAS,G13D,GBC,9,KRAS G13D
KRAS,G13D,GCT,1,KRAS G13D
KRAS,G13D,GEJ,3,KRAS G13D
KRAS,G13D,GINET,2,KRAS G13D
KRAS,G13D,HCC,4,KRAS G13D
KRAS,G13D,HIST,1,KRAS G13D
KRAS,G13D,HNSC,1,KRAS G13D
KRAS,G13D,KIDNEY,1,KRAS G13D
KRAS,G13D,LUAD,86,KRAS G13D
KRAS,G13D,LUSC,1,KRAS G13D
KRAS,G13D,LYMPH,1,KRAS G13D
KRAS,G13D,MDS,11,KRAS G13D
KRAS,G13D,MM,9,KRAS G13D
KRAS,G13D,MYELOID,1,KRAS G13D
KRAS,G13D,NSCLC,9,KRAS G13D
KRAS,G13D,OV,10,KRAS G13D
KRAS,G13D,PAAD,24,KRAS G13D
KRAS,G13D,SARC,8,KRAS G13D
KRAS,G13D,SBWL,15,KRAS G13D
KRAS,G13D,SCLC,1,KRAS G13D
KRAS,G13D,SKCM,7,KRAS G13D
KRAS,G13D,STAD,43,KRAS G13D
KRAS,G13D,STOMACH,8,KRAS G13D
KRAS,G13D,TGCT,2,KRAS G13D
KRAS,G13D,THCA,1,KRAS G13D
KRAS,G13D,TNKN,1,KRAS G13D
KRAS,G13D,UCEC,158,KRAS G13D
KRAS,G13D,UCS,8,KRAS G13D
KRAS,G13D,USARC,3,KRAS G13D
PIK3CA,E542K,ACYC,4,PIK3CA E542K
PIK3CA,E542K,AMPCA,7,PIK3CA E542K
PIK3CA,E542K,ANAL,10,PIK3CA E542K
PIK3CA,E542K,APPX,6,PIK3CA E542K
PIK3CA,E542K,ASTR,2,PIK3CA E542K
PIK3CA,E542K,BLCA,151,PIK3CA E542K
PIK3CA,E542K,BONE,4,PIK3CA E542K
PIK3CA,E542K,BRAIN,4,PIK3CA E542K
PIK3CA,E542K,BRCA,495,PIK3CA E542K
PIK3CA,E542K,CCRCC,8,PIK3CA E542K
PIK3CA,E542K,CESC,56,PIK3CA E542K
PIK3CA,E542K,CHOL,17,PIK3CA E542K
PIK3CA,E542K,COADREAD,296,PIK3CA E542K
PIK3CA,E542K,CUP,26,PIK3CA E542K
PIK3CA,E542K,ESCA,11,PIK3CA E542K
PIK3CA,E542K,ESCC,7,PIK3CA E542K
PIK3CA,E542K,GBC,17,PIK3CA E542K
PIK3CA,E542K,GBM,11,PIK3CA E542K
PIK3CA,E542K,GCT,3,PIK3CA E542K
PIK3CA,E542K,GEJ,4,PIK3CA E542K
PIK3CA,E542K,GINET,2,PIK3CA E542K
PIK3CA,E542K,HCC,2,PIK3CA E542K
PIK3CA,E542K,HNSC,45,PIK3CA E542K
PIK3CA,E542K,KIDNEY,7,PIK3CA E542K
PIK3CA,E542K,LIVER,2,PIK3CA E542K
PIK3CA,E542K,LUAD,75,PIK3CA E542K
PIK3CA,E542K,LUSC,42,PIK3CA E542K
PIK3CA,E542K,MESO,1,PIK3CA E542K
PIK3CA,E542K,NMSC,12,PIK3CA E542K
PIK3CA,E542K,NSCLC,12,PIK3CA E542K
PIK3CA,E542K,ODG,3,PIK3CA E542K
PIK3CA,E542K,OV,22,PIK3CA E542K
PIK3CA,E542K,PAAD,18,PIK3CA E542K
PIK3CA,E542K,PENIS,2,PIK3CA E542K
PIK3CA,E542K,PNS,4,PIK3CA E542K
PIK3CA,E542K,PRAD,25,PIK3CA E542K
PIK3CA,E542K,PRCC,3,PIK3CA E542K
PIK3CA,E542K,SARC,44,PIK3CA E542K
PIK3CA,E542K,SBWL,4,PIK3CA E542K
PIK3CA,E542K,SCLC,5,PIK3CA E542K
PIK3CA,E542K,SG,3,PIK3CA E542K
PIK3CA,E542K,SKCM,6,PIK3CA E542K
PIK3CA,E542K,STAD,23,PIK3CA E542K
PIK3CA,E542K,STOMACH,7,PIK3CA E542K
PIK3CA,E542K,TGCT,3,PIK3CA E542K
PIK3CA,E542K,THCA,12,PIK3CA E542K
PIK3CA,E542K,THYM,1,PIK3CA E542K
PIK3CA,E542K,UCEC,143,PIK3CA E542K
PIK3CA,E542K,UCS,10,PIK3CA E542K
PIK3CA,E542K,USARC,3,PIK3CA E542K
PIK3CA,E542K,VULVA,2,PIK3CA E542K
PIK3CA,E545K,ACYC,7,PIK3CA E545K
PIK3CA,E545K,AMPCA,5,PIK3CA E545K
PIK3CA,E545K,ANAL,19,PIK3CA E545K
PIK3CA,E545K,APPX,3,PIK3CA E545K
PIK3CA,E545K,ASTR,2,PIK3CA E545K
PIK3CA,E545K,BLCA,285,PIK3CA E545K
PIK3CA,E545K,BONE,5,PIK3CA E545K
PIK3CA,E545K,BOWEL,1,PIK3CA E545K
PIK3CA,E545K,BRAIN,3,PIK3CA E545K
PIK3CA,E545K,BRCA,865,PIK3CA E545K
PIK3CA,E545K,BREAST,1,PIK3CA E545K
PIK3CA,E545K,CCRCC,6,PIK3CA E545K
PIK3CA,E545K,CESC,114,PIK3CA E545K
PIK3CA,E545K,CHOL,19,PIK3CA E545K
PIK3CA,E545K,COADREAD,450,PIK3CA E545K
PIK3CA,E545K,CUP,41,PIK3CA E545K
PIK3CA,E545K,DLBCL,1,PIK3CA E545K
PIK3CA,E545K,ESCA,16,PIK3CA E545K
PIK3CA,E545K,ESCC,48,PIK3CA E545K
PIK3CA,E545K,GBC,20,PIK3CA E545K
PIK3CA,E545K,GBM,24,PIK3CA E545K
PIK3CA,E545K,GCT,5,PIK3CA E545K
PIK3CA,E545K,GEJ,5,PIK3CA E545K
PIK3CA,E545K,GINET,2,PIK3CA E545K
PIK3CA,E545K,HCC,7,PIK3CA E545K
PIK3CA,E545K,HNSC,93,PIK3CA E545K
PIK3CA,E545K,KIDNEY,3,PIK3CA E545K
PIK3CA,E545K,LIVER,2,PIK3CA E545K
PIK3CA,E545K,LUAD,145,PIK3CA E545K
PIK3CA,E545K,LUSC,77,PIK3CA E545K
PIK3CA,E545K,MBN,1,PIK3CA E545K
PIK3CA,E545K,MDS,9,PIK3CA E545K
PIK3CA,E545K,MESO,1,PIK3CA E545K
PIK3CA,E545K,NMSC,13,PIK3CA E545K
PIK3CA,E545K,NSCLC,21,PIK3CA E545K
PIK3CA,E545K,ODG,3,PIK3CA E545K
PIK3CA,E545K,OV,35,PIK3CA E545K
PIK3CA,E545K,PAAD,17,PIK3CA E545K
PIK3CA,E545K,PENIS,2,PIK3CA E545K
PIK3CA,E545K,PNS,1,PIK3CA E545K
PIK3CA,E545K,PRAD,36,PIK3CA E545K
PIK3CA,E545K,SARC,29,PIK3CA E545K
PIK3CA,E545K,SBWL,11,PIK3CA E545K
PIK3CA,E545K,SCLC,16,PIK3CA E545K
PIK3CA,E545K,SG,2,PIK3CA E545K
PIK3CA,E545K,SKCM,10,PIK3CA E545K
PIK3CA,E545K,STAD,54,PIK3CA E545K
PIK3CA,E545K,STOMACH,8,PIK3CA E545K
PIK3CA,E545K,TGCT,3,PIK3CA E545K
PIK3CA,E545K,THCA,16,PIK3CA E545K
PIK3CA,E545K,UCEC,230,PIK3CA E545K
PIK3CA,E545K,UCS,19,PIK3CA E545K
PIK3CA,E545K,USARC,2,PIK3CA E545K
PIK3CA,E545K,VULVA,8,PIK3CA E545K
PIK3CA,H1047R,ACC,1,PIK3CA H1047R
PIK3CA,H1047R,ACYC,21,PIK3CA H1047R
PIK3CA,H1047R,AMPCA,4,PIK3CA H1047R
PIK3CA,H1047R,ANAL,3,PIK3CA H1047R
PIK3CA,H1047R,APPX,5,PIK3CA H1047R
PIK3CA,H1047R,ASTR,5,PIK3CA H1047R
PIK3CA,H1047R,BLCA,49,PIK3CA H1047R
PIK3CA,H1047R,BLL,2,PIK3CA H1047R
PIK3CA,H1047R,BONE,10,PIK3CA H1047R
PIK3CA,H1047R,BOWEL,1,PIK3CA H1047R
PIK3CA,H1047R,BRAIN,15,PIK3CA H1047R
PIK3CA,H1047R,BRCA,1683,PIK3CA H1047R
PIK3CA,H1047R,CCRCC,8,PIK3CA H1047R
PIK3CA,H1047R,CESC,4,PIK3CA H1047R
PIK3CA,H1047R,CHOL,17,PIK3CA H1047R
PIK3CA,H1047R,CHRCC,1,PIK3CA H1047R
PIK3CA,H1047R,COADREAD,329,PIK3CA H1047R
PIK3CA,H1047R,CUP,22,PIK3CA H1047R
PIK3CA,H1047R,ESCA,5,PIK3CA H1047R
PIK3CA,H1047R,ESCC,13,PIK3CA H1047R
PIK3CA,H1047R,GBC,7,PIK3CA H1047R
PIK3CA,H1047R,GBM,30,PIK3CA H1047R
PIK3CA,H1047R,GCT,1,PIK3CA H1047R
PIK3CA,H1047R,GEJ,6,PIK3CA H1047R
PIK3CA,H1047R,GINET,1,PIK3CA H1047R
PIK3CA,H1047R,GIST,1,PIK3CA H1047R
PIK3CA,H1047R,HCC,16,PIK3CA H1047R
PIK3CA,H1047R,HNSC,30,PIK3CA H1047R
PIK3CA,H1047R,KIDNEY,7,PIK3CA H1047R
PIK3CA,H1047R,LUAD,43,PIK3CA H1047R
PIK3CA,H1047R,LUSC,18,PIK3CA H1047R
PIK3CA,H1047R,MDS,1,PIK3CA H1047R
PIK3CA,H1047R,NMSC,2,PIK3CA H1047R
PIK3CA,H1047R,NSCLC,13,PIK3CA H1047R
PIK3CA,H1047R,ODG,8,PIK3CA H1047R
PIK3CA,H1047R,OV,55,PIK3CA H1047R
PIK3CA,H1047R,PAAD,12,PIK3CA H1047R
PIK3CA,H1047R,PNS,1,PIK3CA H1047R
PIK3CA,H1047R,PRAD,32,PIK3CA H1047R
PIK3CA,H1047R,SARC,67,PIK3CA H1047R
PIK3CA,H1047R,SBWL,5,PIK3CA H1047R
PIK3CA,H1047R,SCLC,3,PIK3CA H1047R
PIK3CA,H1047R,SG,3,PIK3CA H1047R
PIK3CA,H1047R,SKCM,15,PIK3CA H1047R
PIK3CA,H1047R,STAD,47,PIK3CA H1047R
PIK3CA,H1047R,STOMACH,6,PIK3CA H1047R
PIK3CA,H1047R,TGCT,2,PIK3CA H1047R
PIK3CA,H1047R,THCA,17,PIK3CA H1047R
PIK3CA,H1047R,THYM,1,PIK3CA H1047R
PIK3CA,H1047R,UCEC,336,PIK3CA H1047R
PIK3CA,H1047R,UCS,26,PIK3CA H1047R
PIK3CA,H1047R,USARC,2,PIK3CA H1047R
PIK3CA,H1047R,VULVA,1,PIK3CA H1047R
PIK3CA,R88Q,ACYC,1,PIK3CA R88Q
PIK3CA,R88Q,AMPCA,1,PIK3CA R88Q
PIK3CA,R88Q,APPX,1,PIK3CA R88Q
PIK3CA,R88Q,BLCA,14,PIK3CA R88Q
PIK3CA,R88Q,BRAIN,4,PIK3CA R88Q
PIK3CA,R88Q,BRCA,26,PIK3CA R88Q
PIK3CA,R88Q,BREAST,2,PIK3CA R88Q
PIK3CA,R88Q,CESC,2,PIK3CA R88Q
PIK3CA,R88Q,CHOL,2,PIK3CA R88Q
PIK3CA,R88Q,COADREAD,114,PIK3CA R88Q
PIK3CA,R88Q,CUP,8,PIK3CA R88Q
PIK3CA,R88Q,ESCA,2,PIK3CA R88Q
PIK3CA,R88Q,ESCC,3,PIK3CA R88Q
PIK3CA,R88Q,GBC,1,PIK3CA R88Q
PIK3CA,R88Q,GBM,19,PIK3CA R88Q
PIK3CA,R88Q,GIST,1,PIK3CA R88Q
PIK3CA,R88Q,HCC,1,PIK3CA R88Q
PIK3CA,R88Q,HNSC,4,PIK3CA R88Q
PIK3CA,R88Q,LUAD,3,PIK3CA R88Q
PIK3CA,R88Q,ODG,3,PIK3CA R88Q
PIK3CA,R88Q,OV,5,PIK3CA R88Q
PIK3CA,R88Q,PAAD,2,PIK3CA R88Q
PIK3CA,R88Q,PRAD,6,PIK3CA R88Q
PIK3CA,R88Q,SARC,10,PIK3CA R88Q
PIK3CA,R88Q,SBWL,3,PIK3CA R88Q
PIK3CA,R88Q,STAD,7,PIK3CA R88Q
PIK3CA,R88Q,UCEC,369,PIK3CA R88Q
PIK3CA,R88Q,UCS,8,PIK3CA R88Q
PIK3CA,R88Q,USARC,1,PIK3CA R88Q
TP53,R175H,ACC,1,TP53 R175H
TP53,R175H,ACYC,3,TP53 R175H
TP53,R175H,AML,27,TP53 R175H
TP53,R175H,AMPCA,5,TP53 R175H
TP53,R175H,APPX,9,TP53 R175H
TP53,R175H,ASTR,20,TP53 R175H
TP53,R175H,BILIARY_TRACT,1,TP53 R175H
TP53,R175H,BLCA,51,TP53 R175H
TP53,R175H,BLL,2,TP53 R175H
TP53,R175H,BONE,10,TP53 R175H
TP53,R175H,BOWEL,1,TP53 R175H
TP53,R175H,BRAIN,20,TP53 R175H
TP53,R175H,BRCA,193,TP53 R175H
TP53,R175H,CCRCC,2,TP53 R175H
TP53,R175H,CESC,3,TP53 R175H
TP53,R175H,CHOL,34,TP53 R175H
TP53,R175H,CHRCC,1,TP53 R175H
TP53,R175H,CLL,11,TP53 R175H
TP53,R175H,COADREAD,758,TP53 R175H
TP53,R175H,CUP,27,TP53 R175H
TP53,R175H,DLBCL,20,TP53 R175H
TP53,R175H,ESCA,59,TP53 R175H
TP53,R175H,ESCC,35,TP53 R175H
TP53,R175H,GBC,15,TP53 R175H
TP53,R175H,GBM,44,TP53 R175H
TP53,R175H,GEJ,12,TP53 R175H
TP53,R175H,GINET,5,TP53 R175H
TP53,R175H,GIST,2,TP53 R175H
TP53,R175H,HCC,10,TP53 R175H
TP53,R175H,HEAD_NECK,1,TP53 R175H
TP53,R175H,HL,1,TP53 R175H
TP53,R175H,HNSC,37,TP53 R175H
TP53,R175H,KIDNEY,3,TP53 R175H
TP53,R175H,LIVER,1,TP53 R175H
TP53,R175H,LUAD,67,TP53 R175H
TP53,R175H,LUSC,27,TP53 R175H
TP53,R175H,LYMPH,1,TP53 R175H
TP53,R175H,MBN,8,TP53 R175H
TP53,R175H,MDS,16,TP53 R175H
TP53,R175H,MPN,1,TP53 R175H
TP53,R175H,NMSC,3,TP53 R175H
TP53,R175H,NSCLC,12,TP53 R175H
TP53,R175H,ODG,2,TP53 R175H
TP53,R175H,OV,92,TP53 R175H
TP53,R175H,PAAD,247,TP53 R175H
TP53,R175H,PERITONEUM,2,TP53 R175H
TP53,R175H,PNS,1,TP53 R175H
TP53,R175H,PRAD,51,TP53 R175H
TP53,R175H,SARC,86,TP53 R175H
TP53,R175H,SBWL,10,TP53 R175H
TP53,R175H,SCLC,14,TP53 R175H
TP53,R175H,SG,6,TP53 R175H
TP53,R175H,SKCM,11,TP53 R175H
TP53,R175H,STAD,75,TP53 R175H
TP53,R175H,STOMACH,30,TP53 R175H
TP53,R175H,TGCT,1,TP53 R175H
TP53,R175H,THCA,10,TP53 R175H
TP53,R175H,THYM,1,TP53 R175H
TP53,R175H,UCEC,100,TP53 R175H
TP53,R175H,UCS,20,TP53 R175H
TP53,R175H,USARC,15,TP53 R175H
TP53,R175H,VULVA,2,TP53 R175H
TP53,R248Q,ACYC,2,TP53 R248Q
TP53,R248Q,AML,25,TP53 R248Q
TP53,R248Q,AMPCA,10,TP53 R248Q
TP53,R248Q,ANAL,2,TP53 R248Q
TP53,R248Q,APPX,8,TP53 R248Q
TP53,R248Q,ASTR,14,TP53 R248Q
TP53,R248Q,BLCA,99,TP53 R248Q
TP53,R248Q,BLL,4,TP53 R248Q
TP53,R248Q,BONE,11,TP53 R248Q
TP53,R248Q,BOWEL,1,TP53 R248Q
TP53,R248Q,BRAIN,16,TP53 R248Q
TP53,R248Q,BRCA,157,TP53 R248Q
TP53,R248Q,BREAST,1,TP53 R248Q
TP53,R248Q,CCRCC,2,TP53 R248Q
TP53,R248Q,CESC,2,TP53 R248Q
TP53,R248Q,CHOL,27,TP53 R248Q
TP53,R248Q,CHRCC,1,TP53 R248Q
TP53,R248Q,CLL,11,TP53 R248Q
TP53,R248Q,COADREAD,320,TP53 R248Q
TP53,R248Q,CUP,22,TP53 R248Q
TP53,R248Q,DLBCL,18,TP53 R248Q
TP53,R248Q,ESCA,37,TP53 R248Q
TP53,R248Q,ESCC,23,TP53 R248Q
TP53,R248Q,GBC,16,TP53 R248Q
TP53,R248Q,GBM,25,TP53 R248Q
TP53,R248Q,GCT,1,TP53 R248Q
TP53,R248Q,GEJ,6,TP53 R248Q
TP53,R248Q,GINET,1,TP53 R248Q
TP53,R248Q,GIST,1,TP53 R248Q
TP53,R248Q,HCC,6,TP53 R248Q
TP53,R248Q,HL,3,TP53 R248Q
TP53,R248Q,HNSC,22,TP53 R248Q
TP53,R248Q,KIDNEY,3,TP53 R248Q
TP53,R248Q,LIVER,1,TP53 R248Q
TP53,R248Q,LUAD,55,TP53 R248Q
TP53,R248Q,LUSC,12,TP53 R248Q
TP53,R248Q,MBN,13,TP53 R248Q
TP53,R248Q,MDS,21,TP53 R248Q
TP53,R248Q,MPN,4,TP53 R248Q
TP53,R248Q,NMSC,20,TP53 R248Q
TP53,R248Q,NSCLC,8,TP53 R248Q
TP53,R248Q,ODG,1,TP53 R248Q
TP53,R248Q,OV,61,TP53 R248Q
TP53,R248Q,PAAD,120,TP53 R248Q
TP53,R248Q,PENIS,1,TP53 R248Q
TP53,R248Q,PRAD,57,TP53 R248Q
TP53,R248Q,SARC,60,TP53 R248Q
TP53,R248Q,SBWL,9,TP53 R248Q
TP53,R248Q,SCLC,2,TP53 R248Q
TP53,R248Q,SKCM,4,TP53 R248Q
TP53,R248Q,STAD,42,TP53 R248Q
TP53,R248Q,STOMACH,8,TP53 R248Q
TP53,R248Q,TGCT,2,TP53 R248Q
TP53,R248Q,THCA,4,TP53 R248Q
TP53,R248Q,THYM,1,TP53 R248Q
TP53,R248Q,UCEC,106,TP53 R248Q
TP53,R248Q,UCS,39,TP53 R248Q
TP53,R248Q,USARC,12,TP53 R248Q
TP53,R248Q,VULVA,1,TP53 R248Q
TP53,R273C,ACC,1,TP53 R273C
TP53,R273C,ACYC,2,TP53 R273C
TP53,R273C,AML,11,TP53 R273C
TP53,R273C,AMPCA,3,TP53 R273C
TP53,R273C,ANAL,1,TP53 R273C
TP53,R273C,APPX,3,TP53 R273C
TP53,R273C,ASTR,75,TP53 R273C
TP53,R273C,BLCA,31,TP53 R273C
TP53,R273C,BONE,25,TP53 R273C
TP53,R273C,BRAIN,77,TP53 R273C
TP53,R273C,BRCA,88,TP53 R273C
TP53,R273C,CCRCC,2,TP53 R273C
TP53,R273C,CESC,3,TP53 R273C
TP53,R273C,CHOL,22,TP53 R273C
TP53,R273C,CHRCC,1,TP53 R273C
TP53,R273C,CLL,4,TP53 R273C
TP53,R273C,COADREAD,310,TP53 R273C
TP53,R273C,CUP,16,TP53 R273C
TP53,R273C,DLBCL,8,TP53 R273C
TP53,R273C,ESCA,22,TP53 R273C
TP53,R273C,ESCC,16,TP53 R273C
TP53,R273C,GBC,6,TP53 R273C
TP53,R273C,GBM,30,TP53 R273C
TP53,R273C,GCT,1,TP53 R273C
TP53,R273C,GEJ,8,TP53 R273C
TP53,R273C,GINET,3,TP53 R273C
TP53,R273C,GIST,1,TP53 R273C
TP53,R273C,HCC,9,TP53 R273C
TP53,R273C,HEAD_NECK,1,TP53 R273C
TP53,R273C,HNSC,26,TP53 R273C
TP53,R273C,KIDNEY,7,TP53 R273C
TP53,R273C,LIVER,4,TP53 R273C
TP53,R273C,LUAD,65,TP53 R273C
TP53,R273C,LUSC,10,TP53 R273C
TP53,R273C,MBN,10,TP53 R273C
TP53,R273C,MDS,11,TP53 R273C
TP53,R273C,MESO,1,TP53 R273C
TP53,R273C,MYELOID,1,TP53 R273C
TP53,R273C,NMSC,1,TP53 R273C
TP53,R273C,NSCLC,3,TP53 R273C
TP53,R273C,ODG,13,TP53 R273C
TP53,R273C,OV,49,TP53 R273C
TP53,R273C,OVARY,1,TP53 R273C
TP53,R273C,PAAD,89,TP53 R273C
TP53,R273C,PERITONEUM,1,TP53 R273C
TP53,R273C,PNS,1,TP53 R273C
TP53,R273C,PRAD,70,TP53 R273C
TP53,R273C,SARC,38,TP53 R273C
TP53,R273C,SBWL,8,TP53 R273C
TP53,R273C,SCLC,6,TP53 R273C
TP53,R273C,SG,1,TP53 R273C
TP53,R273C,SKCM,4,TP53 R273C
TP53,R273C,STAD,49,TP53 R273C
TP53,R273C,STOMACH,7,TP53 R273C
TP53,R273C,THCA,4,TP53 R273C
TP53,R273C,THYM,1,TP53 R273C
TP53,R273C,UCEC,111,TP53 R273C
TP53,R273C,UCS,18,TP53 R273C
TP53,R273C,USARC,6,TP53 R273C
TP53,R273H,ACC,3,TP53 R273H
TP53,R273H,AML,23,TP53 R273H
TP53,R273H,AMPCA,5,TP53 R273H
TP53,R273H,APPX,1,TP53 R273H
TP53,R273H,ASTR,15,TP53 R273H
TP53,R273H,BILIARY_TRACT,2,TP53 R273H
TP53,R273H,BLCA,23,TP53 R273H
TP53,R273H,BLL,1,TP53 R273H
TP53,R273H,BONE,14,TP53 R273H
TP53,R273H,BOWEL,1,TP53 R273H
TP53,R273H,BRAIN,20,TP53 R273H
TP53,R273H,BRCA,127,TP53 R273H
TP53,R273H,BREAST,2,TP53 R273H
TP53,R273H,CCRCC,3,TP53 R273H
TP53,R273H,CHOL,25,TP53 R273H
TP53,R273H,CHRCC,3,TP53 R273H
TP53,R273H,CLL,9,TP53 R273H
TP53,R273H,COADREAD,335,TP53 R273H
TP53,R273H,CUP,27,TP53 R273H
TP53,R273H,DLBCL,4,TP53 R273H
TP53,R273H,ESCA,25,TP53 R273H
TP53,R273H,ESCC,22,TP53 R273H
TP53,R273H,GBC,9,TP53 R273H
TP53,R273H,GBM,25,TP53 R273H
TP53,R273H,GEJ,7,TP53 R273H
TP53,R273H,GINET,1,TP53 R273H
TP53,R273H,GIST,1,TP53 R273H
TP53,R273H,HCC,8,TP53 R273H
TP53,R273H,HIST,1,TP53 R273H
TP53,R273H,HL,1,TP53 R273H
TP53,R273H,HNSC,21,TP53 R273H
TP53,R273H,KIDNEY,1,TP53 R273H
TP53,R273H,LIVER,1,TP53 R273H
TP53,R273H,LUAD,65,TP53 R273H
TP53,R273H,LUSC,12,TP53 R273H
TP53,R273H,MBN,12,TP53 R273H
TP53,R273H,MDS,35,TP53 R273H
TP53,R273H,MESO,1,TP53 R273H
TP53,R273H,MM,2,TP53 R273H
TP53,R273H,MYELOID,1,TP53 R273H
TP53,R273H,NMSC,4,TP53 R273H
TP53,R273H,NSCLC,9,TP53 R273H
TP53,R273H,ODG,2,TP53 R273H
TP53,R273H,OV,81,TP53 R273H
TP53,R273H,PAAD,114,TP53 R273H
TP53,R273H,PNS,1,TP53 R273H
TP53,R273H,PRAD,23,TP53 R273H
TP53,R273H,SARC,67,TP53 R273H
TP53,R273H,SBWL,4,TP53 R273H
TP53,R273H,SCLC,5,TP53 R273H
TP53,R273H,STAD,33,TP53 R273H
TP53,R273H,STOMACH,13,TP53 R273H
TP53,R273H,THCA,4,TP53 R273H
TP53,R273H,THYM,1,TP53 R273H
TP53,R273H,TLL,1,TP53 R273H
TP53,R273H,UCEC,115,TP53 R273H
TP53,R273H,UCS,26,TP53 R273H
TP53,R273H,USARC,8,TP53 R273H
TP53,R273H,VULVA,1,TP53 R273H
