context,scope,cancer,geneA,geneB,model,varianceEstimator,adjustmentTerms,nPatients,nEvents,nStudies,nStrata,coefficient,standardError,hazardRatio,ciLow,ciHigh,p,fdr,fitStatus
BRAF–KRAS (COADREAD),cancer-specific,COADREAD,BRAF,KRAS,four-group age/sex complete-case,model-based,standardised age + recorded sex,845,158,5,5,1.008425131,0.5977731523,2.741280457,0.8494308703,8.846651103,0.09160919895,0.2093924547,estimated
BRAF–KRAS (COADREAD),cancer-specific,COADREAD,BRAF,KRAS,four-group primary,model-based,none,5693,1305,15,15,0.1765836015,0.2718156362,1.19313417,0.7003568726,2.032633939,0.5159217188,0.5503165,estimated
BRAF–KRAS (COADREAD),cancer-specific,COADREAD,BRAF,KRAS,four-group study-clustered sensitivity,study-clustered sandwich,none,5693,1305,15,15,0.1765836015,0.2465702698,1.19313417,0.7358821856,1.934506877,0.4738929668,0.4738929668,estimated
BRAF–KRAS (COADREAD),cancer-specific,COADREAD,BRAF,KRAS,four-group zero-time sensitivity,model-based,none,5738,1325,15,15,0.171004202,0.2717629426,1.186495735,0.6965321149,2.021115894,0.5291917334,0.5873365702,estimated
BRAF–KRAS (COADREAD),cancer-specific,COADREAD,BRAF,KRAS,four-group zero-time study-clustered sensitivity,study-clustered sandwich,none,5738,1325,15,15,0.171004202,0.2442727322,1.186495735,0.7350905754,1.915100228,0.4838933292,0.4838933292,estimated
BRAF–NRAS (SKCM),cancer-specific,SKCM,BRAF,NRAS,four-group age/sex complete-case,model-based,standardised age + recorded sex,624,329,4,4,-0.06186496412,0.2968439551,0.9400098133,0.5253616349,1.681924203,0.8349095973,0.8905702372,estimated
BRAF–NRAS (SKCM),cancer-specific,SKCM,BRAF,NRAS,four-group primary,model-based,none,2432,932,15,15,0.2468350047,0.1746757185,1.279967907,0.9088973545,1.802533404,0.1576250662,0.2522001059,estimated
BRAF–NRAS (SKCM),cancer-specific,SKCM,BRAF,NRAS,four-group study-clustered sensitivity,study-clustered sandwich,none,2432,932,15,15,0.2468350047,0.1500443392,1.279967907,0.9538522476,1.717580313,0.09995322763,0.1332709702,estimated
BRAF–NRAS (SKCM),cancer-specific,SKCM,BRAF,NRAS,four-group zero-time sensitivity,model-based,none,2441,937,15,15,0.2451231777,0.1746216515,1.277778697,0.907438966,1.799259742,0.1603966609,0.2566346575,estimated
BRAF–NRAS (SKCM),cancer-specific,SKCM,BRAF,NRAS,four-group zero-time study-clustered sensitivity,study-clustered sandwich,none,2441,937,15,15,0.2451231777,0.1488578737,1.277778697,0.9544377136,1.710659979,0.09962122021,0.1328282936,estimated
CTNNB1–TP53 (UCEC),cancer-specific,UCEC,CTNNB1,TP53,four-group age/sex complete-case,model-based,standardised age; omitted as non-estimable within strata: recorded sex,574,123,3,3,-0.1914245075,0.6015053401,0.8257819631,0.2540171967,2.684526321,0.7503010671,0.8574869338,estimated
CTNNB1–TP53 (UCEC),cancer-specific,UCEC,CTNNB1,TP53,four-group primary,model-based,none,2526,516,7,7,-0.003911364059,0.3447230136,0.9960962754,0.5068419522,1.957627591,0.9909470795,0.9909470795,estimated
CTNNB1–TP53 (UCEC),cancer-specific,UCEC,CTNNB1,TP53,four-group zero-time sensitivity,model-based,none,2538,524,7,7,-0.02674436881,0.34448438,0.9736100948,0.4956321072,1.91254078,0.9381176523,0.9381176523,estimated
EGFR–KRAS (LUAD),cancer-specific,LUAD,EGFR,KRAS,four-group age/sex complete-case,model-based,standardised age + recorded sex,1154,405,5,5,0.5498980201,1.009894957,1.73307627,0.23943825,12.54416684,0.5860904892,0.7962213481,estimated
EGFR–KRAS (LUAD),cancer-specific,LUAD,EGFR,KRAS,four-group primary,model-based,none,6925,2288,17,17,0.3149307621,0.2798449641,1.37016444,0.7917138216,2.371248982,0.2604298036,0.3472397382,estimated
EGFR–KRAS (LUAD),cancer-specific,LUAD,EGFR,KRAS,four-group study-clustered sensitivity,study-clustered sandwich,none,6925,2288,17,17,0.3149307621,0.2103116672,1.37016444,0.9073087026,2.069142055,0.1342767553,0.1534591489,estimated
EGFR–KRAS (LUAD),cancer-specific,LUAD,EGFR,KRAS,four-group zero-time sensitivity,model-based,none,6980,2328,17,17,0.2840657085,0.2797801036,1.328520223,0.7677483889,2.298885948,0.3099543804,0.3814823144,estimated
EGFR–KRAS (LUAD),cancer-specific,LUAD,EGFR,KRAS,four-group zero-time study-clustered sensitivity,study-clustered sandwich,none,6980,2328,17,17,0.2840657085,0.2142008123,1.328520223,0.8730519923,2.021604668,0.1847849133,0.211182758,estimated
IDH1–TP53 (GBM),cancer-specific,GBM,IDH1,TP53,four-group age/sex complete-case,model-based,standardised age + recorded sex,733,480,4,4,-0.361799828,0.2633387671,0.696421758,0.4156406029,1.166881343,0.1694742673,0.3012875863,estimated
IDH1–TP53 (GBM),cancer-specific,GBM,IDH1,TP53,four-group primary,model-based,none,2054,1280,8,8,-0.7155070581,0.200904678,0.4889441259,0.3297986404,0.724885821,0.0003688466702,0.0007376933405,estimated
IDH1–TP53 (GBM),cancer-specific,GBM,IDH1,TP53,four-group zero-time sensitivity,model-based,none,2061,1285,8,8,-0.6768415313,0.1973177794,0.5082196559,0.3452186576,0.7481844129,0.00060311303,0.00120622606,estimated
KEAP1–STK11 (LUAD),cancer-specific,LUAD,KEAP1,STK11,four-group age/sex complete-case,model-based,standardised age + recorded sex,1154,405,5,5,0.7023759025,0.2552106548,2.018542876,1.224058786,3.328692534,0.005920688392,0.01894620285,estimated
KEAP1–STK11 (LUAD),cancer-specific,LUAD,KEAP1,STK11,four-group primary,model-based,none,6925,2288,17,17,0.9199582072,0.06980188238,2.509185522,2.188352618,2.877055521,1.150575045e-39,1.840920071e-38,estimated
KEAP1–STK11 (LUAD),cancer-specific,LUAD,KEAP1,STK11,four-group study-clustered sensitivity,study-clustered sandwich,none,6925,2288,17,17,0.9199582072,0.0849745408,2.509185522,2.124233789,2.96389786,2.584413727e-27,6.891769939e-27,estimated
KEAP1–STK11 (LUAD),cancer-specific,LUAD,KEAP1,STK11,four-group zero-time sensitivity,model-based,none,6980,2328,17,17,0.9182251091,0.06890357315,2.504840623,2.188412921,2.867021342,1.629174584e-40,2.606679334e-39,estimated
KEAP1–STK11 (LUAD),cancer-specific,LUAD,KEAP1,STK11,four-group zero-time study-clustered sensitivity,study-clustered sandwich,none,6980,2328,17,17,0.9182251091,0.08188477856,2.504840623,2.133436142,2.940901967,3.495813734e-29,9.322169957e-29,estimated
KEAP1–STK11 (LUSC),cancer-specific,LUSC,KEAP1,STK11,four-group age/sex complete-case,model-based,standardised age + recorded sex,522,245,3,3,1.298844798,0.7214897774,3.665060335,0.8911440598,15.07350816,0.07182492902,0.1915331441,estimated
KEAP1–STK11 (LUSC),cancer-specific,LUSC,KEAP1,STK11,four-group primary,model-based,none,1403,615,9,9,0.3382419802,0.5038806531,1.402479835,0.5223873312,3.765308937,0.5020459964,0.5503165,estimated
KEAP1–STK11 (LUSC),cancer-specific,LUSC,KEAP1,STK11,four-group zero-time sensitivity,model-based,none,1416,625,9,9,0.5439081613,0.4514467827,1.722726416,0.7111220006,4.173385581,0.2282761771,0.3043682361,estimated
KRAS–TP53 (COADREAD),cancer-specific,COADREAD,KRAS,TP53,four-group age/sex complete-case,model-based,standardised age + recorded sex,845,158,5,5,0.1059104852,0.231229722,1.111722356,0.7065993655,1.749119315,0.6469298454,0.7962213481,estimated
KRAS–TP53 (COADREAD),cancer-specific,COADREAD,KRAS,TP53,four-group primary,model-based,none,5693,1305,15,15,0.1745457071,0.08928160898,1.190705165,0.9995570671,1.418407049,0.05058285671,0.0899250786,estimated
KRAS–TP53 (COADREAD),cancer-specific,COADREAD,KRAS,TP53,four-group study-clustered sensitivity,study-clustered sandwich,none,5693,1305,15,15,0.1745457071,0.09573709626,1.190705165,0.9869898201,1.43646749,0.06827653178,0.1092424508,estimated
KRAS–TP53 (COADREAD),cancer-specific,COADREAD,KRAS,TP53,four-group zero-time sensitivity,model-based,none,5738,1325,15,15,0.1829990107,0.08852051456,1.20081322,1.009547277,1.428315862,0.03870530819,0.06880943679,estimated
KRAS–TP53 (COADREAD),cancer-specific,COADREAD,KRAS,TP53,four-group zero-time study-clustered sensitivity,study-clustered sandwich,none,5738,1325,15,15,0.1829990107,0.1020742517,1.20081322,0.9830818995,1.466767306,0.07300445169,0.1168071227,estimated
KRAS–TP53 (LUAD),cancer-specific,LUAD,KRAS,TP53,four-group age/sex complete-case,model-based,standardised age + recorded sex,1154,405,5,5,0.6200380237,0.193296009,1.858998727,1.272756229,2.715269576,0.001337951778,0.007135742815,estimated
KRAS–TP53 (LUAD),cancer-specific,LUAD,KRAS,TP53,four-group primary,model-based,none,6925,2288,17,17,0.4996767419,0.07452291636,1.648188394,1.424206063,1.907396025,2.013954903e-11,5.370546408e-11,estimated
KRAS–TP53 (LUAD),cancer-specific,LUAD,KRAS,TP53,four-group study-clustered sensitivity,study-clustered sandwich,none,6925,2288,17,17,0.4996767419,0.03906402934,1.648188394,1.526706272,1.779337017,1.835603627e-37,7.342414508e-37,estimated
KRAS–TP53 (LUAD),cancer-specific,LUAD,KRAS,TP53,four-group zero-time sensitivity,model-based,none,6980,2328,17,17,0.4993052115,0.07381495746,1.647576156,1.425653854,1.904043666,1.339716211e-11,3.572576562e-11,estimated
KRAS–TP53 (LUAD),cancer-specific,LUAD,KRAS,TP53,four-group zero-time study-clustered sensitivity,study-clustered sandwich,none,6980,2328,17,17,0.4993052115,0.0401248381,1.647576156,1.522969388,1.782378038,1.511505197e-35,6.046020789e-35,estimated
KRAS–TP53 (PAAD),cancer-specific,PAAD,KRAS,TP53,four-group age/sex complete-case,model-based,standardised age + recorded sex,480,258,5,5,0.6416148394,0.1884142214,1.899545865,1.3130199,2.748072969,0.000660812682,0.005286501456,estimated
KRAS–TP53 (PAAD),cancer-specific,PAAD,KRAS,TP53,four-group primary,model-based,none,3793,1882,14,14,1.071145624,0.08409253877,2.918721343,2.475215039,3.441694618,3.649919038e-37,2.91993523e-36,estimated
KRAS–TP53 (PAAD),cancer-specific,PAAD,KRAS,TP53,four-group study-clustered sensitivity,study-clustered sandwich,none,3793,1882,14,14,1.071145624,0.1331216428,2.918721343,2.248429559,3.788837522,8.528781707e-16,1.705756341e-15,estimated
KRAS–TP53 (PAAD),cancer-specific,PAAD,KRAS,TP53,four-group zero-time sensitivity,model-based,none,3846,1916,14,14,1.065031022,0.08349381972,2.900928975,2.463014835,3.416702489,2.893637845e-37,2.314910276e-36,estimated
KRAS–TP53 (PAAD),cancer-specific,PAAD,KRAS,TP53,four-group zero-time study-clustered sensitivity,study-clustered sandwich,none,3846,1916,14,14,1.065031022,0.1296021224,2.900928975,2.250191963,3.739853779,2.07447635e-16,4.148952699e-16,estimated
PIK3CA–PIK3R1 (UCEC),cancer-specific,UCEC,PIK3CA,PIK3R1,four-group age/sex complete-case,model-based,standardised age; omitted as non-estimable within strata: recorded sex,574,123,3,3,-0.5090995223,0.4150259985,0.6010365552,0.2664588298,1.355725164,0.2199470275,0.3519152441,estimated
PIK3CA–PIK3R1 (UCEC),cancer-specific,UCEC,PIK3CA,PIK3R1,four-group primary,model-based,none,2526,516,7,7,-0.8924903908,0.237484767,0.4096343318,0.2571869618,0.6524447611,0.0001712116642,0.0003913409469,estimated
PIK3CA–PIK3R1 (UCEC),cancer-specific,UCEC,PIK3CA,PIK3R1,four-group zero-time sensitivity,model-based,none,2538,524,7,7,-0.859579729,0.2321680634,0.4233399624,0.2685761556,0.6672845673,0.0002135670432,0.0004881532417,estimated
PIK3CA–TP53 (BRCA),cancer-specific,BRCA,PIK3CA,TP53,four-group age/sex complete-case,model-based,standardised age + recorded sex,1071,151,1,1,0.4024129674,0.2887659997,1.495428769,0.8491172555,2.633684791,0.1634502835,0.3012875863,estimated
PIK3CA–TP53 (BRCA),cancer-specific,BRCA,PIK3CA,TP53,four-group primary,model-based,none,8826,2777,8,8,0.7209453458,0.06079259205,2.056376279,1.825390716,2.316590834,1.930420142e-32,1.029557409e-31,estimated
PIK3CA–TP53 (BRCA),cancer-specific,BRCA,PIK3CA,TP53,four-group zero-time sensitivity,model-based,none,8862,2792,8,8,0.7274361598,0.06057964964,2.069767247,1.838044488,2.330703355,3.228267269e-33,1.721742543e-32,estimated
PTEN–PIK3CA (UCEC),cancer-specific,UCEC,PTEN,PIK3CA,four-group age/sex complete-case,model-based,standardised age; omitted as non-estimable within strata: recorded sex,574,123,3,3,-0.7768884032,0.2599167831,0.4598346074,0.2762867683,0.7653202775,0.002799022168,0.01119608867,estimated
PTEN–PIK3CA (UCEC),cancer-specific,UCEC,PTEN,PIK3CA,four-group primary,model-based,none,2526,516,7,7,-0.9824759783,0.1285132433,0.3743829862,0.29102174,0.4816225082,2.090434934e-14,6.689391789e-14,estimated
PTEN–PIK3CA (UCEC),cancer-specific,UCEC,PTEN,PIK3CA,four-group zero-time sensitivity,model-based,none,2538,524,7,7,-0.9753663926,0.1272716389,0.3770541784,0.2938122794,0.48387989,1.807098334e-14,5.782714669e-14,estimated
PTEN–TP53 (UCEC),cancer-specific,UCEC,PTEN,TP53,four-group age/sex complete-case,model-based,standardised age; omitted as non-estimable within strata: recorded sex,574,123,3,3,0.03922163471,0.3629811707,1.040000958,0.5105797741,2.118380023,0.9139527101,0.9139527101,estimated
PTEN–TP53 (UCEC),cancer-specific,UCEC,PTEN,TP53,four-group primary,model-based,none,2526,516,7,7,0.122324659,0.1806684977,1.130120946,0.7931213127,1.610312739,0.4983635111,0.5503165,estimated
PTEN–TP53 (UCEC),cancer-specific,UCEC,PTEN,TP53,four-group zero-time sensitivity,model-based,none,2538,524,7,7,0.1074485119,0.1800352517,1.113433531,0.7823804895,1.584566901,0.5506280346,0.5873365702,estimated
SF3B1–SRSF2 (MDS),cancer-specific,MDS,SF3B1,SRSF2,four-group age/sex complete-case,model-based,standardised age + recorded sex,3117,1598,1,1,0.1318099191,0.2610108926,1.140891437,0.6840241671,1.902905385,0.6135604011,0.7962213481,estimated
SF3B1–SRSF2 (MDS),cancer-specific,MDS,SF3B1,SRSF2,four-group primary,model-based,none,3269,1656,3,3,0.3433567806,0.2604134482,1.409671616,0.846162211,2.348455223,0.1873342066,0.2724861187,estimated
SF3B1–SRSF2 (MDS),cancer-specific,MDS,SF3B1,SRSF2,four-group zero-time sensitivity,model-based,none,3322,1656,3,3,0.3433567806,0.2604134482,1.409671616,0.846162211,2.348455223,0.1873342066,0.2724861187,estimated
STK11–TP53 (LUAD),cancer-specific,LUAD,STK11,TP53,four-group age/sex complete-case,model-based,standardised age + recorded sex,1154,405,5,5,0.8976095158,0.2578121819,2.453730491,1.48039201,4.067026355,0.0004983509496,0.005286501456,estimated
STK11–TP53 (LUAD),cancer-specific,LUAD,STK11,TP53,four-group primary,model-based,none,6925,2288,17,17,0.8518558922,0.09101012958,2.343993016,1.961048572,2.80171707,7.972774287e-21,3.189109715e-20,estimated
STK11–TP53 (LUAD),cancer-specific,LUAD,STK11,TP53,four-group study-clustered sensitivity,study-clustered sandwich,none,6925,2288,17,17,0.8518558922,0.05827684294,2.343993016,2.090985276,2.627614514,2.175526095e-48,1.740420876e-47,estimated
STK11–TP53 (LUAD),cancer-specific,LUAD,STK11,TP53,four-group zero-time sensitivity,model-based,none,6980,2328,17,17,0.8641595285,0.08969609774,2.3730108,1.990445349,2.829105686,5.727849303e-22,2.291139721e-21,estimated
STK11–TP53 (LUAD),cancer-specific,LUAD,STK11,TP53,four-group zero-time study-clustered sensitivity,study-clustered sandwich,none,6980,2328,17,17,0.8641595285,0.05531293118,2.3730108,2.129203946,2.644735027,5.067941278e-55,4.054353022e-54,estimated
BRAF–KRAS (pan-cancer),pan-cancer,PAN-CANCER,BRAF,KRAS,four-group age/sex complete-case,model-based,standardised age + recorded sex,17697,6664,71,82,0.0788271745,0.2519960278,1.082017306,0.6602901204,1.773101571,0.7544241219,0.7544241219,estimated
BRAF–KRAS (pan-cancer),pan-cancer,PAN-CANCER,BRAF,KRAS,four-group primary,model-based,none,69819,24369,118,278,-0.0695677212,0.1214985517,0.9327969611,0.7351354531,1.183605235,0.5669286562,0.6141727109,estimated
BRAF–KRAS (pan-cancer),pan-cancer,PAN-CANCER,BRAF,KRAS,four-group study-clustered sensitivity,study-clustered sandwich,none,69819,24369,118,278,-0.0695677212,0.1263250692,0.9327969611,0.7282140079,1.194855031,0.5818366004,0.6303229838,estimated
BRAF–KRAS (pan-cancer),pan-cancer,PAN-CANCER,BRAF,KRAS,four-group zero-time sensitivity,model-based,none,70382,24654,118,278,-0.05466244267,0.1197841914,0.9468046949,0.7486863483,1.197349374,0.6481447554,0.7021568183,estimated
BRAF–KRAS (pan-cancer),pan-cancer,PAN-CANCER,BRAF,KRAS,four-group zero-time study-clustered sensitivity,study-clustered sandwich,none,70382,24654,118,278,-0.05466244267,0.1163609182,0.9468046949,0.7537265432,1.189342658,0.6385219652,0.691732129,estimated
BRAF–NRAS (pan-cancer),pan-cancer,PAN-CANCER,BRAF,NRAS,four-group age/sex complete-case,model-based,standardised age + recorded sex,17691,6586,68,78,0.1064539051,0.2297519828,1.112326653,0.7090340654,1.745008657,0.6431187401,0.6967119684,estimated
BRAF–NRAS (pan-cancer),pan-cancer,PAN-CANCER,BRAF,NRAS,four-group primary,model-based,none,69778,24345,112,259,0.2439234276,0.1300421881,1.276246602,0.9891052054,1.646746351,0.06069300432,0.07890090562,estimated
BRAF–NRAS (pan-cancer),pan-cancer,PAN-CANCER,BRAF,NRAS,four-group study-clustered sensitivity,study-clustered sandwich,none,69778,24345,112,259,0.2439234276,0.1269521601,1.276246602,0.9951137429,1.636803229,0.05468373241,0.07898761348,estimated
BRAF–NRAS (pan-cancer),pan-cancer,PAN-CANCER,BRAF,NRAS,four-group zero-time sensitivity,model-based,none,70345,24636,112,259,0.2368485612,0.1299863185,1.267249193,0.9822396657,1.634957915,0.06843924164,0.08897101413,estimated
BRAF–NRAS (pan-cancer),pan-cancer,PAN-CANCER,BRAF,NRAS,four-group zero-time study-clustered sensitivity,study-clustered sandwich,none,70345,24636,112,259,0.2368485612,0.1277762901,1.267249193,0.9865035396,1.627891286,0.06379368501,0.0921464339,estimated
CTNNB1–TP53 (pan-cancer),pan-cancer,PAN-CANCER,CTNNB1,TP53,four-group age/sex complete-case,model-based,standardised age + recorded sex,18531,7010,84,99,0.1420846339,0.1364421747,1.1526742,0.8821994502,1.506074177,0.297711183,0.387024538,estimated
CTNNB1–TP53 (pan-cancer),pan-cancer,PAN-CANCER,CTNNB1,TP53,four-group primary,model-based,none,70604,24347,136,328,0.2370244694,0.06551214281,1.267472132,1.114742046,1.441127668,0.0002968614966,0.0005513142081,estimated
CTNNB1–TP53 (pan-cancer),pan-cancer,PAN-CANCER,CTNNB1,TP53,four-group study-clustered sensitivity,study-clustered sandwich,none,70604,24347,136,328,0.2370244694,0.05991089392,1.267472132,1.12704738,1.425393141,7.612487679e-05,0.0001413747712,estimated
CTNNB1–TP53 (pan-cancer),pan-cancer,PAN-CANCER,CTNNB1,TP53,four-group zero-time sensitivity,model-based,none,71191,24646,136,328,0.2330280101,0.06511360212,1.262416839,1.111163534,1.434258979,0.0003451866244,0.0007044305897,estimated
CTNNB1–TP53 (pan-cancer),pan-cancer,PAN-CANCER,CTNNB1,TP53,four-group zero-time study-clustered sensitivity,study-clustered sandwich,none,71191,24646,136,328,0.2330280101,0.0591396221,1.262416839,1.124250376,1.417563481,8.137887268e-05,0.0001511321921,estimated
EGFR–KRAS (pan-cancer),pan-cancer,PAN-CANCER,EGFR,KRAS,four-group age/sex complete-case,model-based,standardised age + recorded sex,17811,6829,76,87,0.3740747377,0.256144845,1.453645789,0.8798886327,2.401538104,0.1441793084,0.208259001,estimated
EGFR–KRAS (pan-cancer),pan-cancer,PAN-CANCER,EGFR,KRAS,four-group primary,model-based,none,70399,24777,123,288,0.05675361617,0.1332979449,1.058395007,0.8150502143,1.374393836,0.6702790017,0.6702790017,estimated
EGFR–KRAS (pan-cancer),pan-cancer,PAN-CANCER,EGFR,KRAS,four-group study-clustered sensitivity,study-clustered sandwich,none,70399,24777,123,288,0.05675361617,0.1830629758,1.058395007,0.739306109,1.515204564,0.756543951,0.756543951,estimated
EGFR–KRAS (pan-cancer),pan-cancer,PAN-CANCER,EGFR,KRAS,four-group zero-time sensitivity,model-based,none,70972,25069,123,288,0.0424121966,0.1332587447,1.043324445,0.803506388,1.354719656,0.7502805032,0.7502805032,estimated
EGFR–KRAS (pan-cancer),pan-cancer,PAN-CANCER,EGFR,KRAS,four-group zero-time study-clustered sensitivity,study-clustered sandwich,none,70972,25069,123,288,0.0424121966,0.1851027947,1.043324445,0.725871255,1.499612899,0.8187695849,0.8187695849,estimated
IDH1–TP53 (pan-cancer),pan-cancer,PAN-CANCER,IDH1,TP53,four-group age/sex complete-case,model-based,standardised age + recorded sex,18531,7010,84,99,-0.4546098782,0.1276763457,0.6346955282,0.4941822427,0.8151616524,0.0003699478669,0.001202330567,estimated
IDH1–TP53 (pan-cancer),pan-cancer,PAN-CANCER,IDH1,TP53,four-group primary,model-based,none,70588,24359,136,327,-0.1677381969,0.08393673808,0.8455751799,0.7173071266,0.9967799821,0.04567457699,0.06597438899,estimated
IDH1–TP53 (pan-cancer),pan-cancer,PAN-CANCER,IDH1,TP53,four-group study-clustered sensitivity,study-clustered sandwich,none,70588,24359,136,327,-0.1677381969,0.2342606268,0.8455751799,0.534255768,1.33830541,0.473971348,0.5601479567,estimated
IDH1–TP53 (pan-cancer),pan-cancer,PAN-CANCER,IDH1,TP53,four-group zero-time sensitivity,model-based,none,71175,24658,136,327,-0.1673414538,0.08365500246,0.8459107226,0.7179881274,0.9966250461,0.04545968487,0.06566398926,estimated
IDH1–TP53 (pan-cancer),pan-cancer,PAN-CANCER,IDH1,TP53,four-group zero-time study-clustered sensitivity,study-clustered sandwich,none,71175,24658,136,327,-0.1673414538,0.2295997979,0.8459107226,0.5393725343,1.326661825,0.4660997078,0.5508451092,estimated
KEAP1–STK11 (pan-cancer),pan-cancer,PAN-CANCER,KEAP1,STK11,four-group age/sex complete-case,model-based,standardised age + recorded sex,12857,4538,57,61,0.7153629245,0.2063002244,2.044928702,1.36481913,3.06394694,0.0005251636801,0.001365425568,estimated
KEAP1–STK11 (pan-cancer),pan-cancer,PAN-CANCER,KEAP1,STK11,four-group primary,model-based,none,58386,19231,93,201,0.8333242144,0.05779620994,2.300954909,2.054527151,2.576940144,3.968894813e-47,2.579781628e-46,estimated
KEAP1–STK11 (pan-cancer),pan-cancer,PAN-CANCER,KEAP1,STK11,four-group study-clustered sensitivity,study-clustered sandwich,none,58386,19231,93,201,0.8333242144,0.08575752719,2.300954909,1.944962214,2.722106092,2.546544656e-22,3.310508053e-21,estimated
KEAP1–STK11 (pan-cancer),pan-cancer,PAN-CANCER,KEAP1,STK11,four-group zero-time sensitivity,model-based,none,58875,19511,93,201,0.8359082392,0.05694449002,2.306908322,2.063284416,2.579298309,8.742131304e-49,3.788256898e-48,estimated
KEAP1–STK11 (pan-cancer),pan-cancer,PAN-CANCER,KEAP1,STK11,four-group zero-time study-clustered sensitivity,study-clustered sandwich,none,58875,19511,93,201,0.8359082392,0.08082979547,2.306908322,1.968919177,2.702917451,4.569146697e-25,5.939890705e-24,estimated
KRAS–TP53 (pan-cancer),pan-cancer,PAN-CANCER,KRAS,TP53,four-group age/sex complete-case,model-based,standardised age + recorded sex,18541,7013,85,100,0.3865066245,0.07985302365,1.471830147,1.258596957,1.721189592,1.296920199e-06,8.429981295e-06,estimated
KRAS–TP53 (pan-cancer),pan-cancer,PAN-CANCER,KRAS,TP53,four-group primary,model-based,none,72612,25531,139,332,0.5829216243,0.03019368827,1.791264194,1.688335416,1.900467989,4.775083522e-83,6.207608579e-82,estimated
KRAS–TP53 (pan-cancer),pan-cancer,PAN-CANCER,KRAS,TP53,four-group study-clustered sensitivity,study-clustered sandwich,none,72612,25531,139,332,0.5829216243,0.0669200904,1.791264194,1.571075878,2.042312188,3.019723966e-18,1.308547052e-17,estimated
KRAS–TP53 (pan-cancer),pan-cancer,PAN-CANCER,KRAS,TP53,four-group zero-time sensitivity,model-based,none,73200,25830,139,332,0.5901905096,0.02991333078,1.804332125,1.701587193,1.913280983,1.191314719e-86,1.548709135e-85,estimated
KRAS–TP53 (pan-cancer),pan-cancer,PAN-CANCER,KRAS,TP53,four-group zero-time study-clustered sensitivity,study-clustered sandwich,none,73200,25830,139,332,0.5901905096,0.06898899266,1.804332125,1.576133299,2.065570482,1.180217189e-17,5.114274484e-17,estimated
PIK3CA–PIK3R1 (pan-cancer),pan-cancer,PAN-CANCER,PIK3CA,PIK3R1,four-group age/sex complete-case,model-based,standardised age + recorded sex,14787,5272,75,86,-0.5092471505,0.234418424,0.6009478318,0.3795766149,0.9514239877,0.02982660892,0.0484682395,estimated
PIK3CA–PIK3R1 (pan-cancer),pan-cancer,PAN-CANCER,PIK3CA,PIK3R1,four-group primary,model-based,none,66845,22987,123,276,-0.4335728949,0.1140079908,0.6481890412,0.5183915414,0.8104858965,0.0001429517942,0.0003097288875,estimated
PIK3CA–PIK3R1 (pan-cancer),pan-cancer,PAN-CANCER,PIK3CA,PIK3R1,four-group study-clustered sensitivity,study-clustered sandwich,none,66845,22987,123,276,-0.4335728949,0.0753763392,0.6481890412,0.5591666073,0.7513843418,8.813710754e-09,1.90963733e-08,estimated
PIK3CA–PIK3R1 (pan-cancer),pan-cancer,PAN-CANCER,PIK3CA,PIK3R1,four-group zero-time sensitivity,model-based,none,67336,23267,123,276,-0.3956599536,0.1113256699,0.6732355884,0.5412606858,0.8373897631,0.0003793087791,0.0007044305897,estimated
PIK3CA–PIK3R1 (pan-cancer),pan-cancer,PAN-CANCER,PIK3CA,PIK3R1,four-group zero-time study-clustered sensitivity,study-clustered sandwich,none,67336,23267,123,276,-0.3956599536,0.07602552328,0.6732355884,0.580034763,0.7814120574,1.947247619e-07,4.219036508e-07,estimated
PIK3CA–TP53 (pan-cancer),pan-cancer,PAN-CANCER,PIK3CA,TP53,four-group age/sex complete-case,model-based,standardised age + recorded sex,18541,7013,85,100,0.2795363721,0.07142643199,1.322516515,1.149748402,1.521245803,9.092026031e-05,0.0003939877947,estimated
PIK3CA–TP53 (pan-cancer),pan-cancer,PAN-CANCER,PIK3CA,TP53,four-group primary,model-based,none,72535,25497,139,329,0.4435872798,0.0311512161,1.558287216,1.465991812,1.656393323,5.187071251e-46,2.247730875e-45,estimated
PIK3CA–TP53 (pan-cancer),pan-cancer,PAN-CANCER,PIK3CA,TP53,four-group study-clustered sensitivity,study-clustered sandwich,none,72535,25497,139,329,0.4435872798,0.06607341009,1.558287216,1.369007159,1.77373729,1.899427798e-11,6.173140345e-11,estimated
PIK3CA–TP53 (pan-cancer),pan-cancer,PAN-CANCER,PIK3CA,TP53,four-group zero-time sensitivity,model-based,none,73123,25796,139,329,0.453437151,0.0308751762,1.573711986,1.481304202,1.671884418,7.909309159e-49,3.788256898e-48,estimated
PIK3CA–TP53 (pan-cancer),pan-cancer,PAN-CANCER,PIK3CA,TP53,four-group zero-time study-clustered sensitivity,study-clustered sandwich,none,73123,25796,139,329,0.453437151,0.06690133717,1.573711986,1.380316664,1.794203808,1.221045895e-11,3.968399158e-11,estimated
PTEN–PIK3CA (pan-cancer),pan-cancer,PAN-CANCER,PTEN,PIK3CA,four-group age/sex complete-case,model-based,standardised age + recorded sex,18103,6964,80,95,-0.3594402202,0.144097845,0.6980669805,0.5263089893,0.9258772303,0.01261639674,0.02343045108,estimated
PTEN–PIK3CA (pan-cancer),pan-cancer,PAN-CANCER,PTEN,PIK3CA,four-group primary,model-based,none,70675,24849,128,291,-0.1697853998,0.06267754741,0.8438458867,0.7462973727,0.9541449649,0.00675125538,0.01097078999,estimated
PTEN–PIK3CA (pan-cancer),pan-cancer,PAN-CANCER,PTEN,PIK3CA,four-group study-clustered sensitivity,study-clustered sandwich,none,70675,24849,128,291,-0.1697853998,0.1093573461,0.8438458867,0.6810484298,1.045558362,0.1205248812,0.1566823455,estimated
PTEN–PIK3CA (pan-cancer),pan-cancer,PAN-CANCER,PTEN,PIK3CA,four-group zero-time sensitivity,model-based,none,71221,25129,128,291,-0.1714816968,0.06235124426,0.8424156868,0.7455091361,0.9519188365,0.005954926676,0.009676755849,estimated
PTEN–PIK3CA (pan-cancer),pan-cancer,PAN-CANCER,PTEN,PIK3CA,four-group zero-time study-clustered sensitivity,study-clustered sandwich,none,71221,25129,128,291,-0.1714816968,0.1073152682,0.8424156868,0.6826208094,1.039616987,0.1100597798,0.1430777138,estimated
PTEN–TP53 (pan-cancer),pan-cancer,PAN-CANCER,PTEN,TP53,four-group age/sex complete-case,model-based,standardised age + recorded sex,18543,7012,84,100,0.229537532,0.08436253702,1.258018082,1.066294973,1.484213595,0.006511494707,0.01410823853,estimated
PTEN–TP53 (pan-cancer),pan-cancer,PAN-CANCER,PTEN,TP53,four-group primary,model-based,none,72546,25508,138,330,0.3942266193,0.04068013451,1.483236641,1.369567533,1.606339869,3.296505424e-22,8.570914104e-22,estimated
PTEN–TP53 (pan-cancer),pan-cancer,PAN-CANCER,PTEN,TP53,four-group study-clustered sensitivity,study-clustered sandwich,none,72546,25508,138,330,0.3942266193,0.06558926631,1.483236641,1.30430981,1.686708875,1.849114109e-09,4.807696684e-09,estimated
PTEN–TP53 (pan-cancer),pan-cancer,PAN-CANCER,PTEN,TP53,four-group zero-time sensitivity,model-based,none,73134,25807,138,330,0.3952726925,0.04041903681,1.484789026,1.371702729,1.607198416,1.380680472e-22,3.589769228e-22,estimated
PTEN–TP53 (pan-cancer),pan-cancer,PAN-CANCER,PTEN,TP53,four-group zero-time study-clustered sensitivity,study-clustered sandwich,none,73134,25807,138,330,0.3952726925,0.06419722025,1.484789026,1.309242143,1.683873732,7.406002772e-10,1.925560721e-09,estimated
SF3B1–SRSF2 (pan-cancer),pan-cancer,PAN-CANCER,SF3B1,SRSF2,four-group age/sex complete-case,model-based,standardised age + recorded sex,16529,6274,59,64,0.1386509488,0.2445561338,1.148723067,0.7112934074,1.855162259,0.5707485726,0.6745210404,estimated
SF3B1–SRSF2 (pan-cancer),pan-cancer,PAN-CANCER,SF3B1,SRSF2,four-group primary,model-based,none,64674,22008,105,229,0.2811227285,0.1935763947,1.324616162,0.9063950474,1.935809316,0.146430081,0.1730537321,estimated
SF3B1–SRSF2 (pan-cancer),pan-cancer,PAN-CANCER,SF3B1,SRSF2,four-group study-clustered sensitivity,study-clustered sandwich,none,64674,22008,105,229,0.2811227285,0.1041867847,1.324616162,1.07995609,1.624703072,0.0069703591,0.01132683354,estimated
SF3B1–SRSF2 (pan-cancer),pan-cancer,PAN-CANCER,SF3B1,SRSF2,four-group zero-time sensitivity,model-based,none,65219,22293,105,229,0.276212842,0.1935670967,1.318128387,0.9019720951,1.926292903,0.1535909217,0.1815165438,estimated
SF3B1–SRSF2 (pan-cancer),pan-cancer,PAN-CANCER,SF3B1,SRSF2,four-group zero-time study-clustered sensitivity,study-clustered sandwich,none,65219,22293,105,229,0.276212842,0.1068469497,1.318128387,1.069078079,1.625196961,0.009734337885,0.01581829906,estimated
STK11–TP53 (pan-cancer),pan-cancer,PAN-CANCER,STK11,TP53,four-group age/sex complete-case,model-based,standardised age + recorded sex,15414,5412,83,98,0.8723757485,0.1580800568,2.392588295,1.755132812,3.261564429,3.41770689e-08,4.443018958e-07,estimated
STK11–TP53 (pan-cancer),pan-cancer,PAN-CANCER,STK11,TP53,four-group primary,model-based,none,69440,23887,136,327,0.664469485,0.05704172651,1.943459213,1.737886562,2.173348823,2.326254811e-31,7.560328135e-31,estimated
STK11–TP53 (pan-cancer),pan-cancer,PAN-CANCER,STK11,TP53,four-group study-clustered sensitivity,study-clustered sandwich,none,69440,23887,136,327,0.664469485,0.0721636781,1.943459213,1.687134074,2.238727659,3.328441375e-20,2.163486894e-19,estimated
STK11–TP53 (pan-cancer),pan-cancer,PAN-CANCER,STK11,TP53,four-group zero-time sensitivity,model-based,none,69975,24186,136,327,0.6720028722,0.05632561902,1.958155331,1.753487545,2.186712024,8.190283118e-33,2.661842013e-32,estimated
STK11–TP53 (pan-cancer),pan-cancer,PAN-CANCER,STK11,TP53,four-group zero-time study-clustered sensitivity,study-clustered sandwich,none,69975,24186,136,327,0.6720028722,0.07039750408,1.958155331,1.705786508,2.247861781,1.350171081e-21,8.776112027e-21,estimated
