datasetId,context,scope,cancer,geneA,geneB,interval,lowerMonths,upperMonths,nAtRiskAtIntervalStart,nEventsInInterval,nBothAtRiskAtIntervalStart,nDoubleNegativeAtRiskAtIntervalStart,coefficient,standardError,hazardRatio,ciLow,ciHigh,p,contrast,model,baselineHazards,tiesMethod,fitStatus,fdr,fdrFamily
cancer-specific_LUAD_KEAP1_STK11_positive,KEAP1–STK11 (LUAD),cancer-specific,LUAD,KEAP1,STK11,0–12 months,0,12,6925,1254,451,5586,1.162453232,0.08030531231,3.197768528,2.73206494,3.742855233,1.732607754e-47,A+B versus A−/B−,conditional interval-specific four-group Cox model,study,Efron,estimated,2.772172407e-46,scope=cancer-specific; interval=0–12 months
cancer-specific_LUAD_KEAP1_STK11_positive,KEAP1–STK11 (LUAD),cancer-specific,LUAD,KEAP1,STK11,12–36 months,12,36,4228,795,180,3555,0.5161527932,0.1559281815,1.675568973,1.234343406,2.274514023,0.000932307688,A+B versus A−/B−,conditional interval-specific four-group Cox model,study,Efron,estimated,0.002486153835,scope=cancer-specific; interval=12–36 months
cancer-specific_LUAD_KEAP1_STK11_positive,KEAP1–STK11 (LUAD),cancer-specific,LUAD,KEAP1,STK11,>36 months,36,,1238,239,42,1061,-0.9861143343,0.5864049348,0.3730233226,0.1181917602,1.177293569,0.09264120385,A+B versus A−/B−,conditional interval-specific four-group Cox model,study,Efron,estimated,0.2316030096,scope=cancer-specific; interval=>36 months
cancer-specific_LUSC_KEAP1_STK11_positive,KEAP1–STK11 (LUSC),cancer-specific,LUSC,KEAP1,STK11,0–12 months,0,12,1403,330,8,1223,0.6283333845,0.5834846166,1.874483931,0.597336036,5.882266922,0.2815411765,A+B versus A−/B−,conditional interval-specific four-group Cox model,study,Efron,estimated,0.3465122172,scope=cancer-specific; interval=0–12 months
cancer-specific_LUSC_KEAP1_STK11_positive,KEAP1–STK11 (LUSC),cancer-specific,LUSC,KEAP1,STK11,12–36 months,12,36,771,212,3,682,-15.00887239,1669.299778,3.03200241e-07,0,inf,0.9928262219,A+B versus A−/B−,conditional interval-specific four-group Cox model,study,Efron,estimated,0.9928262219,scope=cancer-specific; interval=12–36 months
cancer-specific_LUSC_KEAP1_STK11_positive,KEAP1–STK11 (LUSC),cancer-specific,LUSC,KEAP1,STK11,>36 months,36,,243,73,2,215,,,,,,,A+B versus A−/B−,conditional interval-specific four-group Cox model,study,Efron,non-varying genotype covariate,,
cancer-specific_PAAD_KRAS_TP53_positive,KRAS–TP53 (PAAD),cancer-specific,PAAD,KRAS,TP53,0–12 months,0,12,3793,1160,2258,725,1.14346377,0.1203233495,3.137617549,2.478452412,3.972093164,2.034251599e-21,A+B versus A−/B−,conditional interval-specific four-group Cox model,study,Efron,estimated,1.627401279e-20,scope=cancer-specific; interval=0–12 months
cancer-specific_PAAD_KRAS_TP53_positive,KRAS–TP53 (PAAD),cancer-specific,PAAD,KRAS,TP53,12–36 months,12,36,1707,639,872,467,0.9755859649,0.1271520761,2.652721157,2.067566838,3.403483462,1.685553648e-14,A+B versus A−/B−,conditional interval-specific four-group Cox model,study,Efron,estimated,1.348442918e-13,scope=cancer-specific; interval=12–36 months
cancer-specific_PAAD_KRAS_TP53_positive,KRAS–TP53 (PAAD),cancer-specific,PAAD,KRAS,TP53,>36 months,36,,315,83,111,140,1.14204472,0.3335235662,3.133168271,1.629626002,6.02392414,0.0006166576509,A+B versus A−/B−,conditional interval-specific four-group Cox model,study,Efron,estimated,0.003083288255,scope=cancer-specific; interval=>36 months
cancer-specific_COADREAD_KRAS_TP53_positive,KRAS–TP53 (COADREAD),cancer-specific,COADREAD,KRAS,TP53,0–12 months,0,12,5693,604,1409,932,0.06650749218,0.1328041482,1.068768971,0.8238359528,1.386522536,0.6165162593,A+B versus A−/B−,conditional interval-specific four-group Cox model,study,Efron,estimated,0.6576173433,scope=cancer-specific; interval=0–12 months
cancer-specific_COADREAD_KRAS_TP53_positive,KRAS–TP53 (COADREAD),cancer-specific,COADREAD,KRAS,TP53,12–36 months,12,36,3644,531,862,653,0.3832725851,0.1421224217,1.467077879,1.110397164,1.938331232,0.007001398135,A+B versus A−/B−,conditional interval-specific four-group Cox model,study,Efron,estimated,0.01400279627,scope=cancer-specific; interval=12–36 months
cancer-specific_COADREAD_KRAS_TP53_positive,KRAS–TP53 (COADREAD),cancer-specific,COADREAD,KRAS,TP53,>36 months,36,,874,170,170,228,-0.1259744697,0.2575224198,0.881637355,0.5322142539,1.46047277,0.6247152233,A+B versus A−/B−,conditional interval-specific four-group Cox model,study,Efron,estimated,0.9961988936,scope=cancer-specific; interval=>36 months
cancer-specific_UCEC_PTEN_PIK3CA_positive,PTEN–PIK3CA (UCEC),cancer-specific,UCEC,PTEN,PIK3CA,0–12 months,0,12,2526,228,828,641,-1.082475359,0.1929833841,0.3387559443,0.2320700898,0.4944867729,2.033068561e-08,A+B versus A−/B−,conditional interval-specific four-group Cox model,study,Efron,estimated,5.421516162e-08,scope=cancer-specific; interval=0–12 months
cancer-specific_UCEC_PTEN_PIK3CA_positive,PTEN–PIK3CA (UCEC),cancer-specific,UCEC,PTEN,PIK3CA,12–36 months,12,36,1717,229,592,405,-0.7386061369,0.1891560822,0.4777794107,0.3297748119,0.6922092197,9.432505759e-05,A+B versus A−/B−,conditional interval-specific four-group Cox model,study,Efron,estimated,0.0003773002304,scope=cancer-specific; interval=12–36 months
cancer-specific_UCEC_PTEN_PIK3CA_positive,PTEN–PIK3CA (UCEC),cancer-specific,UCEC,PTEN,PIK3CA,>36 months,36,,585,59,208,125,-1.621311576,0.4448230423,0.1976393101,0.08264931704,0.4726148782,0.0002675517551,A+B versus A−/B−,conditional interval-specific four-group Cox model,study,Efron,estimated,0.002006638163,scope=cancer-specific; interval=>36 months
cancer-specific_GBM_IDH1_TP53_positive,IDH1–TP53 (GBM),cancer-specific,GBM,IDH1,TP53,0–12 months,0,12,2054,599,59,1486,-0.5266375501,0.3384867763,0.5905874556,0.3042031814,1.146580851,0.1197417281,A+B versus A−/B−,conditional interval-specific four-group Cox model,study,Efron,estimated,0.191586765,scope=cancer-specific; interval=0–12 months
cancer-specific_GBM_IDH1_TP53_positive,IDH1–TP53 (GBM),cancer-specific,GBM,IDH1,TP53,12–36 months,12,36,1007,582,34,744,-1.108080847,0.3212433827,0.3301920425,0.1759234526,0.6197399116,0.000561937934,A+B versus A−/B−,conditional interval-specific four-group Cox model,study,Efron,estimated,0.001798201389,scope=cancer-specific; interval=12–36 months
cancer-specific_GBM_IDH1_TP53_positive,IDH1–TP53 (GBM),cancer-specific,GBM,IDH1,TP53,>36 months,36,,169,99,10,117,-0.03317822117,0.4105672793,0.9673661391,0.4326287531,2.163049128,0.9355925142,A+B versus A−/B−,conditional interval-specific four-group Cox model,study,Efron,estimated,0.9961988936,scope=cancer-specific; interval=>36 months
cancer-specific_BRCA_PIK3CA_TP53_positive,PIK3CA–TP53 (BRCA),cancer-specific,BRCA,PIK3CA,TP53,0–12 months,0,12,8826,750,937,3241,1.078422629,0.1186394778,2.94003836,2.330058851,3.709702677,9.911759044e-20,A+B versus A−/B−,conditional interval-specific four-group Cox model,study,Efron,estimated,5.28627149e-19,scope=cancer-specific; interval=0–12 months
cancer-specific_BRCA_PIK3CA_TP53_positive,PIK3CA–TP53 (BRCA),cancer-specific,BRCA,PIK3CA,TP53,12–36 months,12,36,6744,883,647,2612,0.8883466486,0.1046707875,2.431106853,1.980195694,2.984695174,2.119408942e-17,A+B versus A−/B−,conditional interval-specific four-group Cox model,study,Efron,estimated,3.391054307e-16,scope=cancer-specific; interval=12–36 months
cancer-specific_BRCA_PIK3CA_TP53_positive,PIK3CA–TP53 (BRCA),cancer-specific,BRCA,PIK3CA,TP53,>36 months,36,,3616,1144,306,1472,0.3916330784,0.1012080961,1.47939479,1.213208927,1.803983548,0.0001090218817,A+B versus A−/B−,conditional interval-specific four-group Cox model,study,Efron,estimated,0.001635328226,scope=cancer-specific; interval=>36 months
cancer-specific_LUAD_EGFR_KRAS_positive,EGFR–KRAS (LUAD),cancer-specific,LUAD,EGFR,KRAS,0–12 months,0,12,6925,1254,36,2849,0.415140203,0.3050845494,1.514583075,0.8329226268,2.754111627,0.1735964356,A+B versus A−/B−,conditional interval-specific four-group Cox model,study,Efron,estimated,0.2525039064,scope=cancer-specific; interval=0–12 months
cancer-specific_LUAD_EGFR_KRAS_positive,EGFR–KRAS (LUAD),cancer-specific,LUAD,EGFR,KRAS,12–36 months,12,36,4228,795,11,1720,-0.1261382666,0.7102179329,0.8814929573,0.2191191055,3.54615282,0.8590331858,A+B versus A−/B−,conditional interval-specific four-group Cox model,study,Efron,estimated,0.9500846124,scope=cancer-specific; interval=12–36 months
cancer-specific_LUAD_EGFR_KRAS_positive,EGFR–KRAS (LUAD),cancer-specific,LUAD,EGFR,KRAS,>36 months,36,,1238,239,3,554,-13.01911114,1756.334692,2.217542085e-06,0,inf,0.9940856075,A+B versus A−/B−,conditional interval-specific four-group Cox model,study,Efron,estimated,0.9961988936,scope=cancer-specific; interval=>36 months
cancer-specific_LUAD_KRAS_TP53_positive,KRAS–TP53 (LUAD),cancer-specific,LUAD,KRAS,TP53,0–12 months,0,12,6925,1254,729,2449,0.6268626462,0.09695576247,1.871729082,1.547797331,2.263455095,1.009977146e-10,A+B versus A−/B−,conditional interval-specific four-group Cox model,study,Efron,estimated,3.231926867e-10,scope=cancer-specific; interval=0–12 months
cancer-specific_LUAD_KRAS_TP53_positive,KRAS–TP53 (LUAD),cancer-specific,LUAD,KRAS,TP53,12–36 months,12,36,4228,795,415,1661,0.3708104797,0.1356361157,1.44890845,1.11067571,1.890142799,0.006259619308,A+B versus A−/B−,conditional interval-specific four-group Cox model,study,Efron,estimated,0.01400279627,scope=cancer-specific; interval=12–36 months
cancer-specific_LUAD_KRAS_TP53_positive,KRAS–TP53 (LUAD),cancer-specific,LUAD,KRAS,TP53,>36 months,36,,1238,239,89,590,0.1693379429,0.2631438097,1.184520372,0.7072193215,1.983951043,0.5198876327,A+B versus A−/B−,conditional interval-specific four-group Cox model,study,Efron,estimated,0.9747893113,scope=cancer-specific; interval=>36 months
cancer-specific_LUAD_STK11_TP53_positive,STK11–TP53 (LUAD),cancer-specific,LUAD,STK11,TP53,0–12 months,0,12,6925,1254,311,3191,0.9734450941,0.1109441633,2.647048099,2.129737068,3.290013469,1.721394066e-18,A+B versus A−/B−,conditional interval-specific four-group Cox model,study,Efron,estimated,6.885576262e-18,scope=cancer-specific; interval=0–12 months
cancer-specific_LUAD_STK11_TP53_positive,STK11–TP53 (LUAD),cancer-specific,LUAD,STK11,TP53,12–36 months,12,36,4228,795,146,2112,0.7512336055,0.1751975373,2.119613171,1.50358573,2.988030482,1.803513269e-05,A+B versus A−/B−,conditional interval-specific four-group Cox model,study,Efron,estimated,9.618737436e-05,scope=cancer-specific; interval=12–36 months
cancer-specific_LUAD_STK11_TP53_positive,STK11–TP53 (LUAD),cancer-specific,LUAD,STK11,TP53,>36 months,36,,1238,239,33,697,-0.1084519115,0.4659238974,0.8972220399,0.3600019,2.236119834,0.8159419999,A+B versus A−/B−,conditional interval-specific four-group Cox model,study,Efron,estimated,0.9961988936,scope=cancer-specific; interval=>36 months
cancer-specific_COADREAD_BRAF_KRAS_positive,BRAF–KRAS (COADREAD),cancer-specific,COADREAD,BRAF,KRAS,0–12 months,0,12,5693,604,57,2803,0.113552752,0.414316929,1.120250983,0.4973339698,2.52337934,0.7840291378,A+B versus A−/B−,conditional interval-specific four-group Cox model,study,Efron,estimated,0.7840291378,scope=cancer-specific; interval=0–12 months
cancer-specific_COADREAD_BRAF_KRAS_positive,BRAF–KRAS (COADREAD),cancer-specific,COADREAD,BRAF,KRAS,12–36 months,12,36,3644,531,38,1848,0.5007142475,0.3621070442,1.649899286,0.8113931928,3.354930359,0.1667324443,A+B versus A−/B−,conditional interval-specific four-group Cox model,study,Efron,estimated,0.242519919,scope=cancer-specific; interval=12–36 months
cancer-specific_COADREAD_BRAF_KRAS_positive,BRAF–KRAS (COADREAD),cancer-specific,COADREAD,BRAF,KRAS,>36 months,36,,874,170,9,452,-15.25301126,1744.951786,2.375206524e-07,0,inf,0.9930256026,A+B versus A−/B−,conditional interval-specific four-group Cox model,study,Efron,estimated,0.9961988936,scope=cancer-specific; interval=>36 months
cancer-specific_SKCM_BRAF_NRAS_positive,BRAF–NRAS (SKCM),cancer-specific,SKCM,BRAF,NRAS,0–12 months,0,12,2432,432,69,813,0.3833105974,0.231466847,1.467133647,0.9320618664,2.309375822,0.09772050749,A+B versus A−/B−,conditional interval-specific four-group Cox model,study,Efron,estimated,0.1737253466,scope=cancer-specific; interval=0–12 months
cancer-specific_SKCM_BRAF_NRAS_positive,BRAF–NRAS (SKCM),cancer-specific,SKCM,BRAF,NRAS,12–36 months,12,36,1657,316,42,537,0.07087524662,0.3356952209,1.073447301,0.555950901,2.072645456,0.8327860296,A+B versus A−/B−,conditional interval-specific four-group Cox model,study,Efron,estimated,0.9500846124,scope=cancer-specific; interval=12–36 months
cancer-specific_SKCM_BRAF_NRAS_positive,BRAF–NRAS (SKCM),cancer-specific,SKCM,BRAF,NRAS,>36 months,36,,614,184,19,185,0.1097800082,0.4410173066,1.116032525,0.4701995832,2.648935989,0.803419191,A+B versus A−/B−,conditional interval-specific four-group Cox model,study,Efron,estimated,0.9961988936,scope=cancer-specific; interval=>36 months
cancer-specific_UCEC_PIK3CA_PIK3R1_positive,PIK3CA–PIK3R1 (UCEC),cancer-specific,UCEC,PIK3CA,PIK3R1,0–12 months,0,12,2526,228,198,730,-1.226975058,0.3930741872,0.2931780844,0.1356894706,0.6334565887,0.001799416033,A+B versus A−/B−,conditional interval-specific four-group Cox model,study,Efron,estimated,0.004112950933,scope=cancer-specific; interval=0–12 months
cancer-specific_UCEC_PIK3CA_PIK3R1_positive,PIK3CA–PIK3R1 (UCEC),cancer-specific,UCEC,PIK3CA,PIK3R1,12–36 months,12,36,1717,229,141,475,-0.5476524478,0.3272160889,0.5783058212,0.3045304499,1.098207496,0.0941950544,A+B versus A−/B−,conditional interval-specific four-group Cox model,study,Efron,estimated,0.150712087,scope=cancer-specific; interval=12–36 months
cancer-specific_UCEC_PIK3CA_PIK3R1_positive,PIK3CA–PIK3R1 (UCEC),cancer-specific,UCEC,PIK3CA,PIK3R1,>36 months,36,,585,59,54,154,-1.00426882,0.7619859763,0.3663123772,0.08227122317,1.631004774,0.1875162554,A+B versus A−/B−,conditional interval-specific four-group Cox model,study,Efron,estimated,0.4018205472,scope=cancer-specific; interval=>36 months
cancer-specific_UCEC_PTEN_TP53_positive,PTEN–TP53 (UCEC),cancer-specific,UCEC,PTEN,TP53,0–12 months,0,12,2526,228,282,370,0.6279082055,0.279376917,1.873687109,1.083654917,3.239687586,0.02460612912,A+B versus A−/B−,conditional interval-specific four-group Cox model,study,Efron,estimated,0.04921225823,scope=cancer-specific; interval=0–12 months
cancer-specific_UCEC_PTEN_TP53_positive,PTEN–TP53 (UCEC),cancer-specific,UCEC,PTEN,TP53,12–36 months,12,36,1717,229,194,253,-0.03525601833,0.2565696695,0.9653582352,0.5838429054,1.596176838,0.8907043242,A+B versus A−/B−,conditional interval-specific four-group Cox model,study,Efron,estimated,0.9500846124,scope=cancer-specific; interval=12–36 months
cancer-specific_UCEC_PTEN_TP53_positive,PTEN–TP53 (UCEC),cancer-specific,UCEC,PTEN,TP53,>36 months,36,,585,59,66,83,-2.187339734,1.062272654,0.1122148733,0.01399079204,0.9000332328,0.03948338743,A+B versus A−/B−,conditional interval-specific four-group Cox model,study,Efron,estimated,0.1480627029,scope=cancer-specific; interval=>36 months
cancer-specific_UCEC_CTNNB1_TP53_positive,CTNNB1–TP53 (UCEC),cancer-specific,UCEC,CTNNB1,TP53,0–12 months,0,12,2526,228,70,1068,0.5866870939,0.4707719364,1.79802186,0.7146167127,4.52393927,0.2126823198,A+B versus A−/B−,conditional interval-specific four-group Cox model,study,Efron,estimated,0.2835764264,scope=cancer-specific; interval=0–12 months
cancer-specific_UCEC_CTNNB1_TP53_positive,CTNNB1–TP53 (UCEC),cancer-specific,UCEC,CTNNB1,TP53,12–36 months,12,36,1717,229,51,772,-0.1544804216,0.5142417894,0.8568602679,0.3127422819,2.347650322,0.7638688185,A+B versus A−/B−,conditional interval-specific four-group Cox model,study,Efron,estimated,0.9500846124,scope=cancer-specific; interval=12–36 months
cancer-specific_UCEC_CTNNB1_TP53_positive,CTNNB1–TP53 (UCEC),cancer-specific,UCEC,CTNNB1,TP53,>36 months,36,,585,59,18,281,-16.90463599,3548.413442,4.554176635e-08,0,inf,0.9961988936,A+B versus A−/B−,conditional interval-specific four-group Cox model,study,Efron,estimated,0.9961988936,scope=cancer-specific; interval=>36 months
cancer-specific_MDS_SF3B1_SRSF2_positive,SF3B1–SRSF2 (MDS),cancer-specific,MDS,SF3B1,SRSF2,0–12 months,0,12,3269,611,28,1991,-0.3648114324,0.5024824394,0.6943275662,0.2593286983,1.858995061,0.4678275692,A+B versus A−/B−,conditional interval-specific four-group Cox model,study,Efron,estimated,0.5346600791,scope=cancer-specific; interval=0–12 months
cancer-specific_MDS_SF3B1_SRSF2_positive,SF3B1–SRSF2 (MDS),cancer-specific,MDS,SF3B1,SRSF2,12–36 months,12,36,2187,689,17,1283,0.6388983871,0.3372266406,1.894392842,0.9781877215,3.668747992,0.05814982072,A+B versus A−/B−,conditional interval-specific four-group Cox model,study,Efron,estimated,0.1033774591,scope=cancer-specific; interval=12–36 months
cancer-specific_MDS_SF3B1_SRSF2_positive,SF3B1–SRSF2 (MDS),cancer-specific,MDS,SF3B1,SRSF2,>36 months,36,,1057,356,5,622,1.361238622,0.7126386334,3.901022201,0.9651155597,15.76803323,0.05611535933,A+B versus A−/B−,conditional interval-specific four-group Cox model,study,Efron,estimated,0.168346078,scope=cancer-specific; interval=>36 months
pan-cancer_PAN-CANCER_KEAP1_STK11_positive,KEAP1–STK11 (pan-cancer),pan-cancer,PAN-CANCER,KEAP1,STK11,0–12 months,0,12,58386,10002,629,55380,1.073664869,0.0649687825,2.926083586,2.576233362,3.323443162,2.39014576e-61,A+B versus A−/B−,conditional interval-specific four-group Cox model,study × cancer group,Efron,estimated,1.553594744e-60,scope=pan-cancer; interval=0–12 months
pan-cancer_PAN-CANCER_KEAP1_STK11_positive,KEAP1–STK11 (pan-cancer),pan-cancer,PAN-CANCER,KEAP1,STK11,12–36 months,12,36,36207,7054,241,34662,0.2473522148,0.1426362535,1.28063009,0.9683035028,1.693697713,0.08289202428,A+B versus A−/B−,conditional interval-specific four-group Cox model,study × cancer group,Efron,estimated,0.1124589908,scope=pan-cancer; interval=12–36 months
pan-cancer_PAN-CANCER_KEAP1_STK11_positive,KEAP1–STK11 (pan-cancer),pan-cancer,PAN-CANCER,KEAP1,STK11,>36 months,36,,11844,2175,62,11391,-0.2418259234,0.3636507936,0.7851928494,0.3849782724,1.601461316,0.5060537546,A+B versus A−/B−,conditional interval-specific four-group Cox model,study × cancer group,Efron,estimated,0.8160736159,scope=pan-cancer; interval=>36 months
pan-cancer_PAN-CANCER_KRAS_TP53_positive,KRAS–TP53 (pan-cancer),pan-cancer,PAN-CANCER,KRAS,TP53,0–12 months,0,12,72612,12322,5319,39259,0.7164972248,0.04016771649,2.047249582,1.892256339,2.2149382,3.606143714e-71,A+B versus A−/B−,conditional interval-specific four-group Cox model,study × cancer group,Efron,estimated,4.687986828e-70,scope=pan-cancer; interval=0–12 months
pan-cancer_PAN-CANCER_KRAS_TP53_positive,KRAS–TP53 (pan-cancer),pan-cancer,PAN-CANCER,KRAS,TP53,12–36 months,12,36,46129,9193,2576,26960,0.524148207,0.05083234888,1.68901954,1.528854304,1.865963945,6.264028459e-25,A+B versus A−/B−,conditional interval-specific four-group Cox model,study × cancer group,Efron,estimated,8.143236996e-24,scope=pan-cancer; interval=12–36 months
pan-cancer_PAN-CANCER_KRAS_TP53_positive,KRAS–TP53 (pan-cancer),pan-cancer,PAN-CANCER,KRAS,TP53,>36 months,36,,17002,4016,497,11443,0.151791982,0.1189452396,1.163918095,0.9218835142,1.469497297,0.2019024565,A+B versus A−/B−,conditional interval-specific four-group Cox model,study × cancer group,Efron,estimated,0.5739371518,scope=pan-cancer; interval=>36 months
pan-cancer_PAN-CANCER_PTEN_PIK3CA_positive,PTEN–PIK3CA (pan-cancer),pan-cancer,PAN-CANCER,PTEN,PIK3CA,0–12 months,0,12,70675,11980,1438,58373,-0.08347695254,0.08944049125,0.9199122881,0.7719950861,1.09617099,0.3506527333,A+B versus A−/B−,conditional interval-specific four-group Cox model,study × cancer group,Efron,estimated,0.4558485532,scope=pan-cancer; interval=0–12 months
pan-cancer_PAN-CANCER_PTEN_PIK3CA_positive,PTEN–PIK3CA (pan-cancer),pan-cancer,PAN-CANCER,PTEN,PIK3CA,12–36 months,12,36,44793,8931,969,36784,-0.241436741,0.1003621596,0.7854984921,0.6452335342,0.9562551361,0.01614349767,A+B versus A−/B−,conditional interval-specific four-group Cox model,study × cancer group,Efron,estimated,0.02998078138,scope=pan-cancer; interval=12–36 months
pan-cancer_PAN-CANCER_PTEN_PIK3CA_positive,PTEN–PIK3CA (pan-cancer),pan-cancer,PAN-CANCER,PTEN,PIK3CA,>36 months,36,,16397,3938,320,13338,-0.2891645685,0.1814365836,0.7488889517,0.5247812669,1.068701757,0.1109920239,A+B versus A−/B−,conditional interval-specific four-group Cox model,study × cancer group,Efron,estimated,0.5739371518,scope=pan-cancer; interval=>36 months
pan-cancer_PAN-CANCER_IDH1_TP53_positive,IDH1–TP53 (pan-cancer),pan-cancer,PAN-CANCER,IDH1,TP53,0–12 months,0,12,70588,12281,910,41539,-0.02000709622,0.1241117831,0.9801917176,0.7685407277,1.250129978,0.8719341247,A+B versus A−/B−,conditional interval-specific four-group Cox model,study × cancer group,Efron,estimated,0.8719341247,scope=pan-cancer; interval=0–12 months
pan-cancer_PAN-CANCER_IDH1_TP53_positive,IDH1–TP53 (pan-cancer),pan-cancer,PAN-CANCER,IDH1,TP53,12–36 months,12,36,44150,8985,651,27618,-0.5183368069,0.1464401129,0.5955101732,0.4469296166,0.7934859388,0.0004007610468,A+B versus A−/B−,conditional interval-specific four-group Cox model,study × cancer group,Efron,estimated,0.001302473402,scope=pan-cancer; interval=12–36 months
pan-cancer_PAN-CANCER_IDH1_TP53_positive,IDH1–TP53 (pan-cancer),pan-cancer,PAN-CANCER,IDH1,TP53,>36 months,36,,15253,3093,303,10693,0.1637068082,0.1915616762,1.177868923,0.8091692474,1.714567384,0.3927778323,A+B versus A−/B−,conditional interval-specific four-group Cox model,study × cancer group,Efron,estimated,0.8160736159,scope=pan-cancer; interval=>36 months
pan-cancer_PAN-CANCER_PIK3CA_TP53_positive,PIK3CA–TP53 (pan-cancer),pan-cancer,PAN-CANCER,PIK3CA,TP53,0–12 months,0,12,72535,12304,3505,38415,0.4483118342,0.04513231026,1.565666848,1.433120352,1.71047231,2.982817474e-23,A+B versus A−/B−,conditional interval-specific four-group Cox model,study × cancer group,Efron,estimated,9.69415679e-23,scope=pan-cancer; interval=0–12 months
pan-cancer_PAN-CANCER_PIK3CA_TP53_positive,PIK3CA–TP53 (pan-cancer),pan-cancer,PAN-CANCER,PIK3CA,TP53,12–36 months,12,36,46077,9178,2163,25742,0.4707454478,0.05121484415,1.60118735,1.448264869,1.770256936,3.871051189e-20,A+B versus A−/B−,conditional interval-specific four-group Cox model,study × cancer group,Efron,estimated,2.516183273e-19,scope=pan-cancer; interval=12–36 months
pan-cancer_PAN-CANCER_PIK3CA_TP53_positive,PIK3CA–TP53 (pan-cancer),pan-cancer,PAN-CANCER,PIK3CA,TP53,>36 months,36,,16967,4015,691,10452,0.3631313763,0.07989109723,1.437824743,1.22942638,1.681548423,5.484933181e-06,A+B versus A−/B−,conditional interval-specific four-group Cox model,study × cancer group,Efron,estimated,7.130413135e-05,scope=pan-cancer; interval=>36 months
pan-cancer_PAN-CANCER_EGFR_KRAS_positive,EGFR–KRAS (pan-cancer),pan-cancer,PAN-CANCER,EGFR,KRAS,0–12 months,0,12,70399,11945,184,56916,0.2950283945,0.161589287,1.343164497,0.9785525506,1.843632071,0.06788162961,A+B versus A−/B−,conditional interval-specific four-group Cox model,study × cancer group,Efron,estimated,0.09805124278,scope=pan-cancer; interval=0–12 months
pan-cancer_PAN-CANCER_EGFR_KRAS_positive,EGFR–KRAS (pan-cancer),pan-cancer,PAN-CANCER,EGFR,KRAS,12–36 months,12,36,44719,8923,97,37173,-0.498576593,0.2908646722,0.6073946145,0.3434681564,1.07412641,0.08650691597,A+B versus A−/B−,conditional interval-specific four-group Cox model,study × cancer group,Efron,estimated,0.1124589908,scope=pan-cancer; interval=12–36 months
pan-cancer_PAN-CANCER_EGFR_KRAS_positive,EGFR–KRAS (pan-cancer),pan-cancer,PAN-CANCER,EGFR,KRAS,>36 months,36,,16492,3909,32,14541,0.1481401971,0.4043363213,1.159675468,0.5250066077,2.561581457,0.7140825459,A+B versus A−/B−,conditional interval-specific four-group Cox model,study × cancer group,Efron,estimated,0.8160736159,scope=pan-cancer; interval=>36 months
pan-cancer_PAN-CANCER_STK11_TP53_positive,STK11–TP53 (pan-cancer),pan-cancer,PAN-CANCER,STK11,TP53,0–12 months,0,12,69440,11705,745,40142,0.9080096546,0.06777552292,2.479382791,2.170965655,2.831615052,6.269504126e-41,A+B versus A−/B−,conditional interval-specific four-group Cox model,study × cancer group,Efron,estimated,2.716785121e-40,scope=pan-cancer; interval=0–12 months
pan-cancer_PAN-CANCER_STK11_TP53_positive,STK11–TP53 (pan-cancer),pan-cancer,PAN-CANCER,STK11,TP53,12–36 months,12,36,44018,8515,349,27220,0.3326615642,0.1204572184,1.394675211,1.101386405,1.766064057,0.00575087955,A+B versus A−/B−,conditional interval-specific four-group Cox model,study × cancer group,Efron,estimated,0.01246023902,scope=pan-cancer; interval=12–36 months
pan-cancer_PAN-CANCER_STK11_TP53_positive,STK11–TP53 (pan-cancer),pan-cancer,PAN-CANCER,STK11,TP53,>36 months,36,,15983,3667,92,11069,-0.0301401249,0.2428204806,0.9703095595,0.6028664868,1.561706716,0.9012161973,A+B versus A−/B−,conditional interval-specific four-group Cox model,study × cancer group,Efron,estimated,0.9012161973,scope=pan-cancer; interval=>36 months
pan-cancer_PAN-CANCER_BRAF_KRAS_positive,BRAF–KRAS (pan-cancer),pan-cancer,PAN-CANCER,BRAF,KRAS,0–12 months,0,12,69819,11803,249,56252,-0.05805553976,0.1703354576,0.9435975388,0.6757670236,1.317578817,0.7332310971,A+B versus A−/B−,conditional interval-specific four-group Cox model,study × cancer group,Efron,estimated,0.8665458421,scope=pan-cancer; interval=0–12 months
pan-cancer_PAN-CANCER_BRAF_KRAS_positive,BRAF–KRAS (pan-cancer),pan-cancer,PAN-CANCER,BRAF,KRAS,12–36 months,12,36,44267,8749,156,36678,-0.04880809,0.1943638362,0.9523638803,0.6506690037,1.39394524,0.8017235473,A+B versus A−/B−,conditional interval-specific four-group Cox model,study × cancer group,Efron,estimated,0.8017235473,scope=pan-cancer; interval=12–36 months
pan-cancer_PAN-CANCER_BRAF_KRAS_positive,BRAF–KRAS (pan-cancer),pan-cancer,PAN-CANCER,BRAF,KRAS,>36 months,36,,16267,3817,52,14174,-0.1784484617,0.3835449397,0.8365671711,0.3944816202,1.774086791,0.6417446356,A+B versus A−/B−,conditional interval-specific four-group Cox model,study × cancer group,Efron,estimated,0.8160736159,scope=pan-cancer; interval=>36 months
pan-cancer_PAN-CANCER_BRAF_NRAS_positive,BRAF–NRAS (pan-cancer),pan-cancer,PAN-CANCER,BRAF,NRAS,0–12 months,0,12,69778,11790,143,64122,0.4480046329,0.1666317427,1.565185947,1.129090474,2.169717223,0.007175423756,A+B versus A−/B−,conditional interval-specific four-group Cox model,study × cancer group,Efron,estimated,0.01332578698,scope=pan-cancer; interval=0–12 months
pan-cancer_PAN-CANCER_BRAF_NRAS_positive,BRAF–NRAS (pan-cancer),pan-cancer,PAN-CANCER,BRAF,NRAS,12–36 months,12,36,44240,8697,89,40642,-0.08263058839,0.2543148065,0.9206911984,0.5592948698,1.515608901,0.7452457222,A+B versus A−/B−,conditional interval-specific four-group Cox model,study × cancer group,Efron,estimated,0.8017235473,scope=pan-cancer; interval=12–36 months
pan-cancer_PAN-CANCER_BRAF_NRAS_positive,BRAF–NRAS (pan-cancer),pan-cancer,PAN-CANCER,BRAF,NRAS,>36 months,36,,16363,3858,34,15081,0.1143415857,0.3638060198,1.121135023,0.5495227469,2.287337053,0.7532987223,A+B versus A−/B−,conditional interval-specific four-group Cox model,study × cancer group,Efron,estimated,0.8160736159,scope=pan-cancer; interval=>36 months
pan-cancer_PAN-CANCER_PIK3CA_PIK3R1_positive,PIK3CA–PIK3R1 (pan-cancer),pan-cancer,PAN-CANCER,PIK3CA,PIK3R1,0–12 months,0,12,66845,11307,456,56169,-0.3405340925,0.1647902335,0.7113902731,0.5150367533,0.9826019549,0.03878411162,A+B versus A−/B−,conditional interval-specific four-group Cox model,study × cancer group,Efron,estimated,0.06302418138,scope=pan-cancer; interval=0–12 months
pan-cancer_PAN-CANCER_PIK3CA_PIK3R1_positive,PIK3CA–PIK3R1 (pan-cancer),pan-cancer,PAN-CANCER,PIK3CA,PIK3R1,12–36 months,12,36,42173,8175,290,35085,-0.6138938865,0.1997591778,0.5412392364,0.3658928747,0.8006166046,0.002117978864,A+B versus A−/B−,conditional interval-specific four-group Cox model,study × cancer group,Efron,estimated,0.005506745046,scope=pan-cancer; interval=12–36 months
pan-cancer_PAN-CANCER_PIK3CA_PIK3R1_positive,PIK3CA–PIK3R1 (pan-cancer),pan-cancer,PAN-CANCER,PIK3CA,PIK3R1,>36 months,36,,15063,3505,107,12295,-0.3207071652,0.2577975084,0.7256357113,0.437805296,1.202697158,0.2134894772,A+B versus A−/B−,conditional interval-specific four-group Cox model,study × cancer group,Efron,estimated,0.5739371518,scope=pan-cancer; interval=>36 months
pan-cancer_PAN-CANCER_PTEN_TP53_positive,PTEN–TP53 (pan-cancer),pan-cancer,PAN-CANCER,PTEN,TP53,0–12 months,0,12,72546,12310,1729,40812,0.5166593672,0.05540742091,1.676417988,1.50390163,1.868724134,1.112641129e-20,A+B versus A−/B−,conditional interval-specific four-group Cox model,study × cancer group,Efron,estimated,2.892866934e-20,scope=pan-cancer; interval=0–12 months
pan-cancer_PAN-CANCER_PTEN_TP53_positive,PTEN–TP53 (pan-cancer),pan-cancer,PAN-CANCER,PTEN,TP53,12–36 months,12,36,46084,9181,971,27631,0.3228118464,0.06740329818,1.381005485,1.210100979,1.57604711,1.673983816e-06,A+B versus A−/B−,conditional interval-specific four-group Cox model,study × cancer group,Efron,estimated,7.253929871e-06,scope=pan-cancer; interval=12–36 months
pan-cancer_PAN-CANCER_PTEN_TP53_positive,PTEN–TP53 (pan-cancer),pan-cancer,PAN-CANCER,PTEN,TP53,>36 months,36,,16971,4017,297,11485,0.09353912431,0.133075512,1.098053563,0.8459592517,1.425271519,0.4821164463,A+B versus A−/B−,conditional interval-specific four-group Cox model,study × cancer group,Efron,estimated,0.8160736159,scope=pan-cancer; interval=>36 months
pan-cancer_PAN-CANCER_CTNNB1_TP53_positive,CTNNB1–TP53 (pan-cancer),pan-cancer,PAN-CANCER,CTNNB1,TP53,0–12 months,0,12,70604,12272,781,40924,0.362978501,0.08560894227,1.437604952,1.215539556,1.700239196,2.235595022e-05,A+B versus A−/B−,conditional interval-specific four-group Cox model,study × cancer group,Efron,estimated,4.843789215e-05,scope=pan-cancer; interval=0–12 months
pan-cancer_PAN-CANCER_CTNNB1_TP53_positive,CTNNB1–TP53 (pan-cancer),pan-cancer,PAN-CANCER,CTNNB1,TP53,12–36 months,12,36,44166,8982,470,27251,0.08301465086,0.1149418774,1.086557727,0.8673893818,1.36110462,0.4701521257,A+B versus A−/B−,conditional interval-specific four-group Cox model,study × cancer group,Efron,estimated,0.5556343304,scope=pan-cancer; interval=12–36 months
pan-cancer_PAN-CANCER_CTNNB1_TP53_positive,CTNNB1–TP53 (pan-cancer),pan-cancer,PAN-CANCER,CTNNB1,TP53,>36 months,36,,15258,3093,129,10595,0.1036449531,0.219163897,1.109206565,0.7218713137,1.704374699,0.6362768872,A+B versus A−/B−,conditional interval-specific four-group Cox model,study × cancer group,Efron,estimated,0.8160736159,scope=pan-cancer; interval=>36 months
pan-cancer_PAN-CANCER_SF3B1_SRSF2_positive,SF3B1–SRSF2 (pan-cancer),pan-cancer,PAN-CANCER,SF3B1,SRSF2,0–12 months,0,12,64674,11182,57,61228,-0.05381904974,0.3027878411,0.9476035601,0.5234716979,1.715379285,0.8589231784,A+B versus A−/B−,conditional interval-specific four-group Cox model,study × cancer group,Efron,estimated,0.8719341247,scope=pan-cancer; interval=0–12 months
pan-cancer_PAN-CANCER_SF3B1_SRSF2_positive,SF3B1–SRSF2 (pan-cancer),pan-cancer,PAN-CANCER,SF3B1,SRSF2,12–36 months,12,36,40298,8074,36,37978,0.5602134565,0.2795226677,1.751046233,1.012435784,3.028501123,0.04505089084,A+B versus A−/B−,conditional interval-specific four-group Cox model,study × cancer group,Efron,estimated,0.07320769762,scope=pan-cancer; interval=12–36 months
pan-cancer_PAN-CANCER_SF3B1_SRSF2_positive,SF3B1–SRSF2 (pan-cancer),pan-cancer,PAN-CANCER,SF3B1,SRSF2,>36 months,36,,14055,2752,13,13029,0.7136134544,0.5827559742,2.041354288,0.6514417687,6.396776397,0.2207450584,A+B versus A−/B−,conditional interval-specific four-group Cox model,study × cancer group,Efron,estimated,0.5739371518,scope=pan-cancer; interval=>36 months
